
insert into KOTLYAROV_DM.genders (id, name) values (1, 'мужской');
insert into KOTLYAROV_DM.genders (id, name) values (2, 'женский');
insert into KOTLYAROV_DM.genders (id, name) values (3, 'девочка-мальчик');
insert into KOTLYAROV_DM.genders (id, name) values (4, 'мальчик-девочка');

insert into KOTLYAROV_DM.age_groups (id, name, age_begin, age_end) values (1, 'Младенчество', 0, 1);
insert into KOTLYAROV_DM.age_groups (id, name, age_begin, age_end) values (2, 'Ранний возраст', 1, 3);
insert into KOTLYAROV_DM.age_groups (id, name, age_begin, age_end) values (3, 'Школьный возраст', 7, 18);
insert into KOTLYAROV_DM.age_groups (id, name, age_begin, age_end) values (4, 'Совершеннолетний', 16, 999);
insert into KOTLYAROV_DM.age_groups (id, name, age_begin, age_end) values (5, 'Пожилой', 61, 75);

insert into KOTLYAROV_DM.week_days (id, name) values (1, 'понедельник');
insert into KOTLYAROV_DM.week_days (id, name) values (2, 'вторник');
insert into KOTLYAROV_DM.week_days (id, name) values (3, 'среда');
insert into KOTLYAROV_DM.week_days (id, name) values (4, 'четверг');
insert into KOTLYAROV_DM.week_days (id, name) values (5, 'пятница');
insert into KOTLYAROV_DM.week_days (id, name) values (6, 'суббота');
insert into KOTLYAROV_DM.week_days (id, name) values (7, 'воскресенье');

insert into KOTLYAROV_DM.hospital_types (id, name) values (1, 'частная');
insert into KOTLYAROV_DM.hospital_types (id, name) values (2, 'государственная');

insert into KOTLYAROV_DM.regions (id, name, code) values (1, 'region1', 1);
insert into KOTLYAROV_DM.regions (id, name, code) values (2, 'region2', 2);

insert into KOTLYAROV_DM.towns (id, name, id_region) values (1, 'town1', 1);
insert into KOTLYAROV_DM.towns (id, name, id_region) values (2, 'town2', 1);
insert into KOTLYAROV_DM.towns (id, name, id_region) values (3, 'town3', 2);
insert into KOTLYAROV_DM.towns (id, name, id_region) values (4, 'town4', 2);

insert into KOTLYAROV_DM.organizations (id, name, id_town) values (1, 'org1', 1);
insert into KOTLYAROV_DM.organizations (id, name, id_town) values (2, 'org2', 2);
insert into KOTLYAROV_DM.organizations (id, name, id_town) values (3, 'org3', 3);
insert into KOTLYAROV_DM.organizations (id, name, id_town) values (4, 'org4', 4);

insert into KOTLYAROV_DM.hospitals (id, deleted_at, name, id_organization, status, id_type) values (1, null, 'hospital1', 1, 1, 1);
insert into KOTLYAROV_DM.hospitals (id, deleted_at, name, id_organization, status, id_type) values (2, TO_DATE('2020-09-28 17:15:42', 'yyyy-mm-dd hh24:mi:ss'), 'hospital3', 1, 0, 2);
insert into KOTLYAROV_DM.hospitals (id, deleted_at, name, id_organization, status, id_type) values (3, null, 'hospital3', 2, 1, 1);
insert into KOTLYAROV_DM.hospitals (id, deleted_at, name, id_organization, status, id_type) values (4, null, 'hospital4', 2, 0, 2);
insert into KOTLYAROV_DM.hospitals (id, deleted_at, name, id_organization, status, id_type) values (5, null, 'hospital5', 3, 1, 1);
insert into KOTLYAROV_DM.hospitals (id, deleted_at, name, id_organization, status, id_type) values (6, TO_DATE('2020-09-28 17:15:42', 'yyyy-mm-dd hh24:mi:ss'), 'hospital6', 3, 1, 2);
insert into KOTLYAROV_DM.hospitals (id, deleted_at, name, id_organization, status, id_type) values (7, null, 'hospital7', 4, 1, 1);
insert into KOTLYAROV_DM.hospitals (id, deleted_at, name, id_organization, status, id_type) values (8, TO_DATE('2020-09-28 17:15:42', 'yyyy-mm-dd hh24:mi:ss'), 'hospital8', 4, 1, 2);

insert into KOTLYAROV_DM.hospital_work_times (id, id_week_day, id_hospital, begin_time, end_time) values (1, 1, 1, 36000, 68400);
insert into KOTLYAROV_DM.hospital_work_times (id, id_week_day, id_hospital, begin_time, end_time) values (2, 2, 1, 36000, 68400);
insert into KOTLYAROV_DM.hospital_work_times (id, id_week_day, id_hospital, begin_time, end_time) values (3, 3, 1, 36000, 68400);
insert into KOTLYAROV_DM.hospital_work_times (id, id_week_day, id_hospital, begin_time, end_time) values (4, 4, 1, 36000, 68400);
insert into KOTLYAROV_DM.hospital_work_times (id, id_week_day, id_hospital, begin_time, end_time) values (5, 5, 1, 36000, 68400);

insert into KOTLYAROV_DM.hospital_work_times (id, id_week_day, id_hospital, begin_time, end_time) values (6, 1, 2, 36000, 68400);
insert into KOTLYAROV_DM.hospital_work_times (id, id_week_day, id_hospital, begin_time, end_time) values (7, 2, 2, 36000, 68400);
insert into KOTLYAROV_DM.hospital_work_times (id, id_week_day, id_hospital, begin_time, end_time) values (8, 3, 2, 36000, 68400);
insert into KOTLYAROV_DM.hospital_work_times (id, id_week_day, id_hospital, begin_time, end_time) values (9, 4, 2, 36000, 68400);
insert into KOTLYAROV_DM.hospital_work_times (id, id_week_day, id_hospital, begin_time, end_time) values (10, 5, 2, 36000, 68400);

insert into KOTLYAROV_DM.hospital_work_times (id, id_week_day, id_hospital, begin_time, end_time) values (11, 1, 3, 36000, 72000);
insert into KOTLYAROV_DM.hospital_work_times (id, id_week_day, id_hospital, begin_time, end_time) values (12, 2, 3, 36000, 72000);
insert into KOTLYAROV_DM.hospital_work_times (id, id_week_day, id_hospital, begin_time, end_time) values (13, 3, 3, 36000, 72000);
insert into KOTLYAROV_DM.hospital_work_times (id, id_week_day, id_hospital, begin_time, end_time) values (14, 4, 3, 36000, 72000);
insert into KOTLYAROV_DM.hospital_work_times (id, id_week_day, id_hospital, begin_time, end_time) values (15, 5, 3, 36000, 72000);

insert into KOTLYAROV_DM.hospital_work_times (id, id_week_day, id_hospital, begin_time, end_time) values (16, 1, 4, 36000, 68400);
insert into KOTLYAROV_DM.hospital_work_times (id, id_week_day, id_hospital, begin_time, end_time) values (17, 2, 4, 36000, 68400);
insert into KOTLYAROV_DM.hospital_work_times (id, id_week_day, id_hospital, begin_time, end_time) values (18, 3, 4, 36000, 68400);
insert into KOTLYAROV_DM.hospital_work_times (id, id_week_day, id_hospital, begin_time, end_time) values (19, 4, 4, 36000, 68400);
insert into KOTLYAROV_DM.hospital_work_times (id, id_week_day, id_hospital, begin_time, end_time) values (20, 5, 4, 36000, 68400);

insert into KOTLYAROV_DM.hospital_work_times (id, id_week_day, id_hospital, begin_time, end_time) values (21, 1, 5, 36000, 72000);
insert into KOTLYAROV_DM.hospital_work_times (id, id_week_day, id_hospital, begin_time, end_time) values (22, 2, 5, 36000, 72000);
insert into KOTLYAROV_DM.hospital_work_times (id, id_week_day, id_hospital, begin_time, end_time) values (23, 3, 5, 36000, 72000);
insert into KOTLYAROV_DM.hospital_work_times (id, id_week_day, id_hospital, begin_time, end_time) values (24, 4, 5, 36000, 72000);
insert into KOTLYAROV_DM.hospital_work_times (id, id_week_day, id_hospital, begin_time, end_time) values (25, 5, 5, 36000, 72000);

insert into KOTLYAROV_DM.hospital_work_times (id, id_week_day, id_hospital, begin_time, end_time) values (26, 1, 6, 36000, 68400);
insert into KOTLYAROV_DM.hospital_work_times (id, id_week_day, id_hospital, begin_time, end_time) values (27, 2, 6, 36000, 68400);
insert into KOTLYAROV_DM.hospital_work_times (id, id_week_day, id_hospital, begin_time, end_time) values (28, 3, 6, 36000, 68400);
insert into KOTLYAROV_DM.hospital_work_times (id, id_week_day, id_hospital, begin_time, end_time) values (29, 4, 6, 36000, 68400);
insert into KOTLYAROV_DM.hospital_work_times (id, id_week_day, id_hospital, begin_time, end_time) values (30, 5, 6, 36000, 68400);

insert into KOTLYAROV_DM.hospital_work_times (id, id_week_day, id_hospital, begin_time, end_time) values (31, 1, 7, 36000, 72000);
insert into KOTLYAROV_DM.hospital_work_times (id, id_week_day, id_hospital, begin_time, end_time) values (32, 2, 7, 36000, 72000);
insert into KOTLYAROV_DM.hospital_work_times (id, id_week_day, id_hospital, begin_time, end_time) values (33, 3, 7, 36000, 72000);
insert into KOTLYAROV_DM.hospital_work_times (id, id_week_day, id_hospital, begin_time, end_time) values (34, 4, 7, 36000, 72000);
insert into KOTLYAROV_DM.hospital_work_times (id, id_week_day, id_hospital, begin_time, end_time) values (35, 5, 7, 36000, 72000);

insert into KOTLYAROV_DM.hospital_work_times (id, id_week_day, id_hospital, begin_time, end_time) values (36, 1, 8, 36000, 68400);
insert into KOTLYAROV_DM.hospital_work_times (id, id_week_day, id_hospital, begin_time, end_time) values (37, 2, 8, 36000, 68400);
insert into KOTLYAROV_DM.hospital_work_times (id, id_week_day, id_hospital, begin_time, end_time) values (38, 3, 8, 36000, 68400);
insert into KOTLYAROV_DM.hospital_work_times (id, id_week_day, id_hospital, begin_time, end_time) values (39, 4, 8, 36000, 68400);
insert into KOTLYAROV_DM.hospital_work_times (id, id_week_day, id_hospital, begin_time, end_time) values (40, 5, 8, 36000, 68400);

insert into KOTLYAROV_DM.doctors (id, deleted_at, area, degree, id_hospital) values (1, TO_DATE('2020-09-28 17:15:42', 'yyyy-mm-dd hh24:mi:ss'), 'area1', '1', 1);
insert into KOTLYAROV_DM.doctors (id, deleted_at, area, degree, id_hospital) values (2, null, 'area2', '2', 1);
insert into KOTLYAROV_DM.doctors (id, deleted_at, area, degree, id_hospital) values (3, null, 'area3', '3', 1);
insert into KOTLYAROV_DM.doctors (id, deleted_at, area, degree, id_hospital) values (4, TO_DATE('2020-09-28 17:15:42', 'yyyy-mm-dd hh24:mi:ss'), 'area4', '8', 3);
insert into KOTLYAROV_DM.doctors (id, deleted_at, area, degree, id_hospital) values (5, TO_DATE('2020-09-28 17:15:42', 'yyyy-mm-dd hh24:mi:ss'), 'area5', '7', 3);
insert into KOTLYAROV_DM.doctors (id, deleted_at, area, degree, id_hospital) values (6,null,  'area6', '4', 3);
insert into KOTLYAROV_DM.doctors (id, deleted_at, area, degree, id_hospital) values (7,null,  'area7', '4', 4);
insert into KOTLYAROV_DM.doctors (id, deleted_at, area, degree, id_hospital) values (8,null,  'area8', '5', 5);
insert into KOTLYAROV_DM.doctors (id, deleted_at, area, degree, id_hospital) values (9,null,  'area9', '5', 5);
insert into KOTLYAROV_DM.doctors (id, deleted_at, area, degree, id_hospital) values (10,null,  'area10', '6', 6);
insert into KOTLYAROV_DM.doctors (id, deleted_at, area, degree, id_hospital) values (11,null,  'area11', '6', 6);
insert into KOTLYAROV_DM.doctors (id, deleted_at, area, degree, id_hospital) values (12,null,  'area12', '7', 6);
insert into KOTLYAROV_DM.doctors (id, deleted_at, area, degree, id_hospital) values (13,null,  'area13', '8', 7);
insert into KOTLYAROV_DM.doctors (id, deleted_at, area, degree, id_hospital) values (14,null,  'area14', '9', 7);
insert into KOTLYAROV_DM.doctors (id, deleted_at, area, degree, id_hospital) values (15,null,  'area15', '9', 8);
insert into KOTLYAROV_DM.doctors (id, deleted_at, area, degree, id_hospital) values (16,null,  'area16', '10', 8);

insert into KOTLYAROV_DM.specialities (id, deleted_at, id_age_group, id_gender) values (1, TO_DATE('2020-09-28 17:15:42', 'yyyy-mm-dd hh24:mi:ss'),1, 1);
insert into KOTLYAROV_DM.specialities (id, deleted_at, id_age_group, id_gender) values (2, null, 2, 2);
insert into KOTLYAROV_DM.specialities (id, deleted_at, id_age_group, id_gender) values (3, null, 3, 3);
insert into KOTLYAROV_DM.specialities (id, deleted_at, id_age_group, id_gender) values (4, null, 4, 4);
insert into KOTLYAROV_DM.specialities (id, deleted_at, id_age_group, id_gender) values (5, null, 5, 1);
insert into KOTLYAROV_DM.specialities (id, deleted_at, id_age_group, id_gender) values (6, null, 1, 2);
insert into KOTLYAROV_DM.specialities (id, deleted_at, id_age_group, id_gender) values (7, TO_DATE('2020-09-28 17:15:42', 'yyyy-mm-dd hh24:mi:ss'), 2, 3);
insert into KOTLYAROV_DM.specialities (id, deleted_at, id_age_group, id_gender) values (8, null,3, 4);
insert into KOTLYAROV_DM.specialities (id, deleted_at, id_age_group, id_gender) values (9, null,4, 1);
insert into KOTLYAROV_DM.specialities (id, deleted_at, id_age_group, id_gender) values (10, null,5, 2);
insert into KOTLYAROV_DM.specialities (id, deleted_at, id_age_group, id_gender) values (11, null,1, 3);
insert into KOTLYAROV_DM.specialities (id, deleted_at, id_age_group, id_gender) values (12, null, 2, 4);
insert into KOTLYAROV_DM.specialities (id, deleted_at, id_age_group, id_gender) values (13, null, 3, 1);
insert into KOTLYAROV_DM.specialities (id, deleted_at, id_age_group, id_gender) values (14, null, 4, 2);
insert into KOTLYAROV_DM.specialities (id, deleted_at, id_age_group, id_gender) values (15, null, 5, 3);
insert into KOTLYAROV_DM.specialities (id, deleted_at, id_age_group, id_gender) values (16, null, 1, 4);
insert into KOTLYAROV_DM.specialities (id, deleted_at, id_age_group, id_gender) values (17, null, 2, 1);
insert into KOTLYAROV_DM.specialities (id, deleted_at, id_age_group, id_gender) values (18, null, 3, 2);
insert into KOTLYAROV_DM.specialities (id, deleted_at, id_age_group, id_gender) values (19, null,4, 3);
insert into KOTLYAROV_DM.specialities (id, deleted_at, id_age_group, id_gender) values (20, null, 5, 4);
insert into KOTLYAROV_DM.specialities (id, deleted_at, id_age_group, id_gender) values (21, null, 1, 1);
insert into KOTLYAROV_DM.specialities (id, deleted_at, id_age_group, id_gender) values (22, null,2, 2);
insert into KOTLYAROV_DM.specialities (id, deleted_at, id_age_group, id_gender) values (23, null,3, 3);
insert into KOTLYAROV_DM.specialities (id, deleted_at, id_age_group, id_gender) values (24, null,4, 4);
insert into KOTLYAROV_DM.specialities (id, deleted_at, id_age_group, id_gender) values (25, null,5, 1);
insert into KOTLYAROV_DM.specialities (id, deleted_at, id_age_group, id_gender) values (26, null,1, 2);
insert into KOTLYAROV_DM.specialities (id, deleted_at, id_age_group, id_gender) values (27, null, 2, 3);
insert into KOTLYAROV_DM.specialities (id, deleted_at, id_age_group, id_gender) values (28, null, 3, 4);

insert into KOTLYAROV_DM.tickets (id, id_doctor, id_speciality, closed, time_begin, time_end) values (1, 1, 1, 1, TO_DATE('2021-10-01 10:00:00', 'yyyy-mm-dd hh24:mi:ss'), TO_DATE('2021-10-01 10:15:00', 'yyyy-mm-dd hh24:mi:ss'));
insert into KOTLYAROV_DM.tickets (id, id_doctor, id_speciality, closed, time_begin, time_end) values (1000, 1, 2, 1, TO_DATE('2021-09-25 10:00:00', 'yyyy-mm-dd hh24:mi:ss'), TO_DATE('2021-10-01 10:15:00', 'yyyy-mm-dd hh24:mi:ss'));
insert into KOTLYAROV_DM.tickets (id, id_doctor, id_speciality, closed, time_begin, time_end) values (1001, 1, 3, 0, TO_DATE('2020-11-25 10:00:00', 'yyyy-mm-dd hh24:mi:ss'), TO_DATE('2020-11-01 10:15:00', 'yyyy-mm-dd hh24:mi:ss'));
insert into KOTLYAROV_DM.tickets (id, id_doctor, id_speciality, closed, time_begin, time_end) values (2, 1, 4, 0, TO_DATE('2021-10-01 10:15:00', 'yyyy-mm-dd hh24:mi:ss'), TO_DATE('2021-10-01 10:30:00', 'yyyy-mm-dd hh24:mi:ss'));
insert into KOTLYAROV_DM.tickets (id, id_doctor, id_speciality, closed, time_begin, time_end) values (3, 1, 5, 0, TO_DATE('2021-10-01 10:30:00', 'yyyy-mm-dd hh24:mi:ss'), TO_DATE('2021-10-01 10:45:00', 'yyyy-mm-dd hh24:mi:ss'));
insert into KOTLYAROV_DM.tickets (id, id_doctor, id_speciality, closed, time_begin, time_end) values (4, 1, 6, 1, TO_DATE('2021-10-01 10:45:00', 'yyyy-mm-dd hh24:mi:ss'), TO_DATE('2021-10-01 11:00:00', 'yyyy-mm-dd hh24:mi:ss'));
insert into KOTLYAROV_DM.tickets (id, id_doctor, id_speciality, closed, time_begin, time_end) values (5, 1, 7, 1, TO_DATE('2021-10-01 11:00:00', 'yyyy-mm-dd hh24:mi:ss'), TO_DATE('2021-10-01 11:15:00', 'yyyy-mm-dd hh24:mi:ss'));
insert into KOTLYAROV_DM.tickets (id, id_doctor, id_speciality, closed, time_begin, time_end) values (6, 1, 8, 1, TO_DATE('2021-10-01 11:15:00', 'yyyy-mm-dd hh24:mi:ss'), TO_DATE('2021-10-01 11:30:00', 'yyyy-mm-dd hh24:mi:ss'));
insert into KOTLYAROV_DM.tickets (id, id_doctor, id_speciality, closed, time_begin, time_end) values (7, 1, 9, 1, TO_DATE('2021-10-01 11:30:00', 'yyyy-mm-dd hh24:mi:ss'), TO_DATE('2021-10-01 11:45:00', 'yyyy-mm-dd hh24:mi:ss'));
insert into KOTLYAROV_DM.tickets (id, id_doctor, id_speciality, closed, time_begin, time_end) values (8, 1, 10, 1, TO_DATE('2021-10-01 11:45:00', 'yyyy-mm-dd hh24:mi:ss'), TO_DATE('2021-10-01 12:00:00', 'yyyy-mm-dd hh24:mi:ss'));
insert into KOTLYAROV_DM.tickets (id, id_doctor, id_speciality, closed, time_begin, time_end) values (9, 1, 11, 0, TO_DATE('2021-10-01 12:00:00', 'yyyy-mm-dd hh24:mi:ss'), TO_DATE('2021-10-01 12:15:00', 'yyyy-mm-dd hh24:mi:ss'));
insert into KOTLYAROV_DM.tickets (id, id_doctor, id_speciality, closed, time_begin, time_end) values (10, 1, 12, 1, TO_DATE('2021-10-01 12:15:00', 'yyyy-mm-dd hh24:mi:ss'), TO_DATE('2021-10-01 12:30:00', 'yyyy-mm-dd hh24:mi:ss'));
insert into KOTLYAROV_DM.tickets (id, id_doctor, id_speciality, closed, time_begin, time_end) values (11, 1, 13, 1, TO_DATE('2021-10-01 12:30:00', 'yyyy-mm-dd hh24:mi:ss'), TO_DATE('2021-10-01 12:45:00', 'yyyy-mm-dd hh24:mi:ss'));
insert into KOTLYAROV_DM.tickets (id, id_doctor, id_speciality, closed, time_begin, time_end) values (12, 1, 14, 1, TO_DATE('2021-10-01 12:45:00', 'yyyy-mm-dd hh24:mi:ss'), TO_DATE('2021-10-01 13:00:00', 'yyyy-mm-dd hh24:mi:ss'));
insert into KOTLYAROV_DM.tickets (id, id_doctor, id_speciality, closed, time_begin, time_end) values (13, 1, 15, 0, TO_DATE('2021-10-01 13:00:00', 'yyyy-mm-dd hh24:mi:ss'), TO_DATE('2021-10-01 13:15:00', 'yyyy-mm-dd hh24:mi:ss'));
insert into KOTLYAROV_DM.tickets (id, id_doctor, id_speciality, closed, time_begin, time_end) values (14, 1, 16, 1, TO_DATE('2021-10-01 13:15:00', 'yyyy-mm-dd hh24:mi:ss'), TO_DATE('2021-10-01 13:30:00', 'yyyy-mm-dd hh24:mi:ss'));
insert into KOTLYAROV_DM.tickets (id, id_doctor, id_speciality, closed, time_begin, time_end) values (15, 1, 17, 1, TO_DATE('2021-10-01 13:30:00', 'yyyy-mm-dd hh24:mi:ss'), TO_DATE('2021-10-01 13:45:00', 'yyyy-mm-dd hh24:mi:ss'));
insert into KOTLYAROV_DM.tickets (id, id_doctor, id_speciality, closed, time_begin, time_end) values (16, 1, 18, 0, TO_DATE('2021-10-01 13:45:00', 'yyyy-mm-dd hh24:mi:ss'), TO_DATE('2021-10-01 14:00:00', 'yyyy-mm-dd hh24:mi:ss'));
insert into KOTLYAROV_DM.tickets (id, id_doctor, id_speciality, closed, time_begin, time_end) values (17, 1, 19, 0, TO_DATE('2021-10-01 14:00:00', 'yyyy-mm-dd hh24:mi:ss'), TO_DATE('2021-10-01 14:15:00', 'yyyy-mm-dd hh24:mi:ss'));
insert into KOTLYAROV_DM.tickets (id, id_doctor, id_speciality, closed, time_begin, time_end) values (18, 1, 20, 0, TO_DATE('2021-10-01 14:15:00', 'yyyy-mm-dd hh24:mi:ss'), TO_DATE('2021-10-01 14:30:00', 'yyyy-mm-dd hh24:mi:ss'));
insert into KOTLYAROV_DM.tickets (id, id_doctor, id_speciality, closed, time_begin, time_end) values (19, 1, 21, 0, TO_DATE('2021-10-01 14:30:00', 'yyyy-mm-dd hh24:mi:ss'), TO_DATE('2021-10-01 14:45:00', 'yyyy-mm-dd hh24:mi:ss'));
insert into KOTLYAROV_DM.tickets (id, id_doctor, id_speciality, closed, time_begin, time_end) values (20, 1, 22, 1, TO_DATE('2021-10-01 14:45:00', 'yyyy-mm-dd hh24:mi:ss'), TO_DATE('2021-10-01 15:00:00', 'yyyy-mm-dd hh24:mi:ss'));
insert into KOTLYAROV_DM.tickets (id, id_doctor, id_speciality, closed, time_begin, time_end) values (21, 1, 23, 1, TO_DATE('2021-10-01 15:00:00', 'yyyy-mm-dd hh24:mi:ss'), TO_DATE('2021-10-01 15:15:00', 'yyyy-mm-dd hh24:mi:ss'));
insert into KOTLYAROV_DM.tickets (id, id_doctor, id_speciality, closed, time_begin, time_end) values (22, 1, 24, 1, TO_DATE('2021-10-01 15:15:00', 'yyyy-mm-dd hh24:mi:ss'), TO_DATE('2021-10-01 15:30:00', 'yyyy-mm-dd hh24:mi:ss'));
insert into KOTLYAROV_DM.tickets (id, id_doctor, id_speciality, closed, time_begin, time_end) values (23, 1, 25, 0, TO_DATE('2021-10-01 15:30:00', 'yyyy-mm-dd hh24:mi:ss'), TO_DATE('2021-10-01 15:45:00', 'yyyy-mm-dd hh24:mi:ss'));
insert into KOTLYAROV_DM.tickets (id, id_doctor, id_speciality, closed, time_begin, time_end) values (24, 1, 26, 0, TO_DATE('2021-10-01 15:45:00', 'yyyy-mm-dd hh24:mi:ss'), TO_DATE('2021-10-01 16:00:00', 'yyyy-mm-dd hh24:mi:ss'));
insert into KOTLYAROV_DM.tickets (id, id_doctor, id_speciality, closed, time_begin, time_end) values (25, 1, 27, 0, TO_DATE('2021-10-01 16:00:00', 'yyyy-mm-dd hh24:mi:ss'), TO_DATE('2021-10-01 16:15:00', 'yyyy-mm-dd hh24:mi:ss'));
insert into KOTLYAROV_DM.tickets (id, id_doctor, id_speciality, closed, time_begin, time_end) values (26, 1, 28, 0, TO_DATE('2021-10-01 16:15:00', 'yyyy-mm-dd hh24:mi:ss'), TO_DATE('2021-10-01 16:30:00', 'yyyy-mm-dd hh24:mi:ss'));
insert into KOTLYAROV_DM.tickets (id, id_doctor, id_speciality, closed, time_begin, time_end) values (27, 1, 1, 1, TO_DATE('2021-10-01 16:30:00', 'yyyy-mm-dd hh24:mi:ss'), TO_DATE('2021-10-01 16:45:00', 'yyyy-mm-dd hh24:mi:ss'));
insert into KOTLYAROV_DM.tickets (id, id_doctor, id_speciality, closed, time_begin, time_end) values (28, 1, 2, 1, TO_DATE('2021-10-01 16:45:00', 'yyyy-mm-dd hh24:mi:ss'), TO_DATE('2021-10-01 17:00:00', 'yyyy-mm-dd hh24:mi:ss'));
insert into KOTLYAROV_DM.tickets (id, id_doctor, id_speciality, closed, time_begin, time_end) values (29, 1, 3, 1, TO_DATE('2021-10-01 17:00:00', 'yyyy-mm-dd hh24:mi:ss'), TO_DATE('2021-10-01 17:15:00', 'yyyy-mm-dd hh24:mi:ss'));
insert into KOTLYAROV_DM.tickets (id, id_doctor, id_speciality, closed, time_begin, time_end) values (30, 1, 4, 0, TO_DATE('2021-10-01 17:15:00', 'yyyy-mm-dd hh24:mi:ss'), TO_DATE('2021-10-01 17:30:00', 'yyyy-mm-dd hh24:mi:ss'));
insert into KOTLYAROV_DM.tickets (id, id_doctor, id_speciality, closed, time_begin, time_end) values (31, 1, 5, 0, TO_DATE('2021-10-01 17:30:00', 'yyyy-mm-dd hh24:mi:ss'), TO_DATE('2021-10-01 17:45:00', 'yyyy-mm-dd hh24:mi:ss'));
insert into KOTLYAROV_DM.tickets (id, id_doctor, id_speciality, closed, time_begin, time_end) values (32, 1, 6, 0, TO_DATE('2021-10-01 17:45:00', 'yyyy-mm-dd hh24:mi:ss'), TO_DATE('2021-10-01 18:00:00', 'yyyy-mm-dd hh24:mi:ss'));
insert into KOTLYAROV_DM.tickets (id, id_doctor, id_speciality, closed, time_begin, time_end) values (33, 1, 7, 0, TO_DATE('2021-10-01 18:00:00', 'yyyy-mm-dd hh24:mi:ss'), TO_DATE('2021-10-01 18:15:00', 'yyyy-mm-dd hh24:mi:ss'));
insert into KOTLYAROV_DM.tickets (id, id_doctor, id_speciality, closed, time_begin, time_end) values (34, 1, 8, 1, TO_DATE('2021-10-01 18:15:00', 'yyyy-mm-dd hh24:mi:ss'), TO_DATE('2021-10-01 18:30:00', 'yyyy-mm-dd hh24:mi:ss'));
insert into KOTLYAROV_DM.tickets (id, id_doctor, id_speciality, closed, time_begin, time_end) values (35, 1, 9, 1, TO_DATE('2021-10-01 18:30:00', 'yyyy-mm-dd hh24:mi:ss'), TO_DATE('2021-10-01 18:45:00', 'yyyy-mm-dd hh24:mi:ss'));
insert into KOTLYAROV_DM.tickets (id, id_doctor, id_speciality, closed, time_begin, time_end) values (36, 1, 10, 0, TO_DATE('2021-10-01 18:45:00', 'yyyy-mm-dd hh24:mi:ss'), TO_DATE('2021-10-01 19:00:00', 'yyyy-mm-dd hh24:mi:ss'));
insert into KOTLYAROV_DM.tickets (id, id_doctor, id_speciality, closed, time_begin, time_end) values (37, 2, 11, 0, TO_DATE('2021-10-01 10:00:00', 'yyyy-mm-dd hh24:mi:ss'), TO_DATE('2021-10-01 10:15:00', 'yyyy-mm-dd hh24:mi:ss'));
insert into KOTLYAROV_DM.tickets (id, id_doctor, id_speciality, closed, time_begin, time_end) values (38, 2, 12, 0, TO_DATE('2021-10-01 10:15:00', 'yyyy-mm-dd hh24:mi:ss'), TO_DATE('2021-10-01 10:30:00', 'yyyy-mm-dd hh24:mi:ss'));
insert into KOTLYAROV_DM.tickets (id, id_doctor, id_speciality, closed, time_begin, time_end) values (39, 2, 13, 1, TO_DATE('2021-10-01 10:30:00', 'yyyy-mm-dd hh24:mi:ss'), TO_DATE('2021-10-01 10:45:00', 'yyyy-mm-dd hh24:mi:ss'));
insert into KOTLYAROV_DM.tickets (id, id_doctor, id_speciality, closed, time_begin, time_end) values (40, 2, 14, 1, TO_DATE('2021-10-01 10:45:00', 'yyyy-mm-dd hh24:mi:ss'), TO_DATE('2021-10-01 11:00:00', 'yyyy-mm-dd hh24:mi:ss'));
insert into KOTLYAROV_DM.tickets (id, id_doctor, id_speciality, closed, time_begin, time_end) values (41, 2, 15, 0, TO_DATE('2021-10-01 11:00:00', 'yyyy-mm-dd hh24:mi:ss'), TO_DATE('2021-10-01 11:15:00', 'yyyy-mm-dd hh24:mi:ss'));
insert into KOTLYAROV_DM.tickets (id, id_doctor, id_speciality, closed, time_begin, time_end) values (42, 2, 16, 1, TO_DATE('2021-10-01 11:15:00', 'yyyy-mm-dd hh24:mi:ss'), TO_DATE('2021-10-01 11:30:00', 'yyyy-mm-dd hh24:mi:ss'));
insert into KOTLYAROV_DM.tickets (id, id_doctor, id_speciality, closed, time_begin, time_end) values (43, 2, 17, 1, TO_DATE('2021-10-01 11:30:00', 'yyyy-mm-dd hh24:mi:ss'), TO_DATE('2021-10-01 11:45:00', 'yyyy-mm-dd hh24:mi:ss'));
insert into KOTLYAROV_DM.tickets (id, id_doctor, id_speciality, closed, time_begin, time_end) values (44, 2, 18, 0, TO_DATE('2021-10-01 11:45:00', 'yyyy-mm-dd hh24:mi:ss'), TO_DATE('2021-10-01 12:00:00', 'yyyy-mm-dd hh24:mi:ss'));
insert into KOTLYAROV_DM.tickets (id, id_doctor, id_speciality, closed, time_begin, time_end) values (45, 2, 19, 0, TO_DATE('2021-10-01 12:00:00', 'yyyy-mm-dd hh24:mi:ss'), TO_DATE('2021-10-01 12:15:00', 'yyyy-mm-dd hh24:mi:ss'));
insert into KOTLYAROV_DM.tickets (id, id_doctor, id_speciality, closed, time_begin, time_end) values (46, 2, 20, 0, TO_DATE('2021-10-01 12:15:00', 'yyyy-mm-dd hh24:mi:ss'), TO_DATE('2021-10-01 12:30:00', 'yyyy-mm-dd hh24:mi:ss'));
insert into KOTLYAROV_DM.tickets (id, id_doctor, id_speciality, closed, time_begin, time_end) values (47, 2, 21, 1, TO_DATE('2021-10-01 12:30:00', 'yyyy-mm-dd hh24:mi:ss'), TO_DATE('2021-10-01 12:45:00', 'yyyy-mm-dd hh24:mi:ss'));
insert into KOTLYAROV_DM.tickets (id, id_doctor, id_speciality, closed, time_begin, time_end) values (48, 2, 22, 1, TO_DATE('2021-10-01 12:45:00', 'yyyy-mm-dd hh24:mi:ss'), TO_DATE('2021-10-01 13:00:00', 'yyyy-mm-dd hh24:mi:ss'));
insert into KOTLYAROV_DM.tickets (id, id_doctor, id_speciality, closed, time_begin, time_end) values (49, 2, 23, 1, TO_DATE('2021-10-01 13:00:00', 'yyyy-mm-dd hh24:mi:ss'), TO_DATE('2021-10-01 13:15:00', 'yyyy-mm-dd hh24:mi:ss'));
insert into KOTLYAROV_DM.tickets (id, id_doctor, id_speciality, closed, time_begin, time_end) values (50, 2, 24, 0, TO_DATE('2021-10-01 13:15:00', 'yyyy-mm-dd hh24:mi:ss'), TO_DATE('2021-10-01 13:30:00', 'yyyy-mm-dd hh24:mi:ss'));
insert into KOTLYAROV_DM.tickets (id, id_doctor, id_speciality, closed, time_begin, time_end) values (51, 2, 25, 1, TO_DATE('2021-10-01 13:30:00', 'yyyy-mm-dd hh24:mi:ss'), TO_DATE('2021-10-01 13:45:00', 'yyyy-mm-dd hh24:mi:ss'));
insert into KOTLYAROV_DM.tickets (id, id_doctor, id_speciality, closed, time_begin, time_end) values (52, 2, 26, 1, TO_DATE('2021-10-01 13:45:00', 'yyyy-mm-dd hh24:mi:ss'), TO_DATE('2021-10-01 14:00:00', 'yyyy-mm-dd hh24:mi:ss'));
insert into KOTLYAROV_DM.tickets (id, id_doctor, id_speciality, closed, time_begin, time_end) values (53, 2, 27, 1, TO_DATE('2021-10-01 14:00:00', 'yyyy-mm-dd hh24:mi:ss'), TO_DATE('2021-10-01 14:15:00', 'yyyy-mm-dd hh24:mi:ss'));
insert into KOTLYAROV_DM.tickets (id, id_doctor, id_speciality, closed, time_begin, time_end) values (54, 2, 28, 1, TO_DATE('2021-10-01 14:15:00', 'yyyy-mm-dd hh24:mi:ss'), TO_DATE('2021-10-01 14:30:00', 'yyyy-mm-dd hh24:mi:ss'));
insert into KOTLYAROV_DM.tickets (id, id_doctor, id_speciality, closed, time_begin, time_end) values (55, 2, 1, 1, TO_DATE('2021-10-01 14:30:00', 'yyyy-mm-dd hh24:mi:ss'), TO_DATE('2021-10-01 14:45:00', 'yyyy-mm-dd hh24:mi:ss'));
insert into KOTLYAROV_DM.tickets (id, id_doctor, id_speciality, closed, time_begin, time_end) values (56, 2, 2, 1, TO_DATE('2021-10-01 14:45:00', 'yyyy-mm-dd hh24:mi:ss'), TO_DATE('2021-10-01 15:00:00', 'yyyy-mm-dd hh24:mi:ss'));
insert into KOTLYAROV_DM.tickets (id, id_doctor, id_speciality, closed, time_begin, time_end) values (57, 2, 3, 1, TO_DATE('2021-10-01 15:00:00', 'yyyy-mm-dd hh24:mi:ss'), TO_DATE('2021-10-01 15:15:00', 'yyyy-mm-dd hh24:mi:ss'));
insert into KOTLYAROV_DM.tickets (id, id_doctor, id_speciality, closed, time_begin, time_end) values (58, 2, 4, 0, TO_DATE('2021-10-01 15:15:00', 'yyyy-mm-dd hh24:mi:ss'), TO_DATE('2021-10-01 15:30:00', 'yyyy-mm-dd hh24:mi:ss'));
insert into KOTLYAROV_DM.tickets (id, id_doctor, id_speciality, closed, time_begin, time_end) values (59, 2, 5, 1, TO_DATE('2021-10-01 15:30:00', 'yyyy-mm-dd hh24:mi:ss'), TO_DATE('2021-10-01 15:45:00', 'yyyy-mm-dd hh24:mi:ss'));
insert into KOTLYAROV_DM.tickets (id, id_doctor, id_speciality, closed, time_begin, time_end) values (60, 2, 6, 1, TO_DATE('2021-10-01 15:45:00', 'yyyy-mm-dd hh24:mi:ss'), TO_DATE('2021-10-01 16:00:00', 'yyyy-mm-dd hh24:mi:ss'));
insert into KOTLYAROV_DM.tickets (id, id_doctor, id_speciality, closed, time_begin, time_end) values (61, 2, 7, 0, TO_DATE('2021-10-01 16:00:00', 'yyyy-mm-dd hh24:mi:ss'), TO_DATE('2021-10-01 16:15:00', 'yyyy-mm-dd hh24:mi:ss'));
insert into KOTLYAROV_DM.tickets (id, id_doctor, id_speciality, closed, time_begin, time_end) values (62, 2, 8, 0, TO_DATE('2021-10-01 16:15:00', 'yyyy-mm-dd hh24:mi:ss'), TO_DATE('2021-10-01 16:30:00', 'yyyy-mm-dd hh24:mi:ss'));
insert into KOTLYAROV_DM.tickets (id, id_doctor, id_speciality, closed, time_begin, time_end) values (63, 2, 9, 1, TO_DATE('2021-10-01 16:30:00', 'yyyy-mm-dd hh24:mi:ss'), TO_DATE('2021-10-01 16:45:00', 'yyyy-mm-dd hh24:mi:ss'));
insert into KOTLYAROV_DM.tickets (id, id_doctor, id_speciality, closed, time_begin, time_end) values (64, 2, 10, 1, TO_DATE('2021-10-01 16:45:00', 'yyyy-mm-dd hh24:mi:ss'), TO_DATE('2021-10-01 17:00:00', 'yyyy-mm-dd hh24:mi:ss'));
insert into KOTLYAROV_DM.tickets (id, id_doctor, id_speciality, closed, time_begin, time_end) values (65, 2, 11, 1, TO_DATE('2021-10-01 17:00:00', 'yyyy-mm-dd hh24:mi:ss'), TO_DATE('2021-10-01 17:15:00', 'yyyy-mm-dd hh24:mi:ss'));
insert into KOTLYAROV_DM.tickets (id, id_doctor, id_speciality, closed, time_begin, time_end) values (66, 2, 12, 1, TO_DATE('2021-10-01 17:15:00', 'yyyy-mm-dd hh24:mi:ss'), TO_DATE('2021-10-01 17:30:00', 'yyyy-mm-dd hh24:mi:ss'));
insert into KOTLYAROV_DM.tickets (id, id_doctor, id_speciality, closed, time_begin, time_end) values (67, 2, 13, 0, TO_DATE('2021-10-01 17:30:00', 'yyyy-mm-dd hh24:mi:ss'), TO_DATE('2021-10-01 17:45:00', 'yyyy-mm-dd hh24:mi:ss'));
insert into KOTLYAROV_DM.tickets (id, id_doctor, id_speciality, closed, time_begin, time_end) values (68, 2, 14, 0, TO_DATE('2021-10-01 17:45:00', 'yyyy-mm-dd hh24:mi:ss'), TO_DATE('2021-10-01 18:00:00', 'yyyy-mm-dd hh24:mi:ss'));
insert into KOTLYAROV_DM.tickets (id, id_doctor, id_speciality, closed, time_begin, time_end) values (69, 2, 15, 0, TO_DATE('2021-10-01 18:00:00', 'yyyy-mm-dd hh24:mi:ss'), TO_DATE('2021-10-01 18:15:00', 'yyyy-mm-dd hh24:mi:ss'));
insert into KOTLYAROV_DM.tickets (id, id_doctor, id_speciality, closed, time_begin, time_end) values (70, 2, 16, 1, TO_DATE('2021-10-01 18:15:00', 'yyyy-mm-dd hh24:mi:ss'), TO_DATE('2021-10-01 18:30:00', 'yyyy-mm-dd hh24:mi:ss'));
insert into KOTLYAROV_DM.tickets (id, id_doctor, id_speciality, closed, time_begin, time_end) values (71, 2, 17, 1, TO_DATE('2021-10-01 18:30:00', 'yyyy-mm-dd hh24:mi:ss'), TO_DATE('2021-10-01 18:45:00', 'yyyy-mm-dd hh24:mi:ss'));
insert into KOTLYAROV_DM.tickets (id, id_doctor, id_speciality, closed, time_begin, time_end) values (72, 2, 18, 1, TO_DATE('2021-10-01 18:45:00', 'yyyy-mm-dd hh24:mi:ss'), TO_DATE('2021-10-01 19:00:00', 'yyyy-mm-dd hh24:mi:ss'));
insert into KOTLYAROV_DM.tickets (id, id_doctor, id_speciality, closed, time_begin, time_end) values (73, 3, 19, 0, TO_DATE('2021-10-01 10:00:00', 'yyyy-mm-dd hh24:mi:ss'), TO_DATE('2021-10-01 10:15:00', 'yyyy-mm-dd hh24:mi:ss'));
insert into KOTLYAROV_DM.tickets (id, id_doctor, id_speciality, closed, time_begin, time_end) values (74, 3, 20, 0, TO_DATE('2021-10-01 10:15:00', 'yyyy-mm-dd hh24:mi:ss'), TO_DATE('2021-10-01 10:30:00', 'yyyy-mm-dd hh24:mi:ss'));
insert into KOTLYAROV_DM.tickets (id, id_doctor, id_speciality, closed, time_begin, time_end) values (75, 3, 21, 0, TO_DATE('2021-10-01 10:30:00', 'yyyy-mm-dd hh24:mi:ss'), TO_DATE('2021-10-01 10:45:00', 'yyyy-mm-dd hh24:mi:ss'));
insert into KOTLYAROV_DM.tickets (id, id_doctor, id_speciality, closed, time_begin, time_end) values (76, 3, 22, 1, TO_DATE('2021-10-01 10:45:00', 'yyyy-mm-dd hh24:mi:ss'), TO_DATE('2021-10-01 11:00:00', 'yyyy-mm-dd hh24:mi:ss'));
insert into KOTLYAROV_DM.tickets (id, id_doctor, id_speciality, closed, time_begin, time_end) values (77, 3, 23, 0, TO_DATE('2021-10-01 11:00:00', 'yyyy-mm-dd hh24:mi:ss'), TO_DATE('2021-10-01 11:15:00', 'yyyy-mm-dd hh24:mi:ss'));
insert into KOTLYAROV_DM.tickets (id, id_doctor, id_speciality, closed, time_begin, time_end) values (78, 3, 24, 0, TO_DATE('2021-10-01 11:15:00', 'yyyy-mm-dd hh24:mi:ss'), TO_DATE('2021-10-01 11:30:00', 'yyyy-mm-dd hh24:mi:ss'));
insert into KOTLYAROV_DM.tickets (id, id_doctor, id_speciality, closed, time_begin, time_end) values (79, 3, 25, 1, TO_DATE('2021-10-01 11:30:00', 'yyyy-mm-dd hh24:mi:ss'), TO_DATE('2021-10-01 11:45:00', 'yyyy-mm-dd hh24:mi:ss'));
insert into KOTLYAROV_DM.tickets (id, id_doctor, id_speciality, closed, time_begin, time_end) values (80, 3, 26, 0, TO_DATE('2021-10-01 11:45:00', 'yyyy-mm-dd hh24:mi:ss'), TO_DATE('2021-10-01 12:00:00', 'yyyy-mm-dd hh24:mi:ss'));
insert into KOTLYAROV_DM.tickets (id, id_doctor, id_speciality, closed, time_begin, time_end) values (81, 3, 27, 0, TO_DATE('2021-10-01 12:00:00', 'yyyy-mm-dd hh24:mi:ss'), TO_DATE('2021-10-01 12:15:00', 'yyyy-mm-dd hh24:mi:ss'));
insert into KOTLYAROV_DM.tickets (id, id_doctor, id_speciality, closed, time_begin, time_end) values (82, 3, 28, 1, TO_DATE('2021-10-01 12:15:00', 'yyyy-mm-dd hh24:mi:ss'), TO_DATE('2021-10-01 12:30:00', 'yyyy-mm-dd hh24:mi:ss'));
insert into KOTLYAROV_DM.tickets (id, id_doctor, id_speciality, closed, time_begin, time_end) values (83, 3, 1, 0, TO_DATE('2021-10-01 12:30:00', 'yyyy-mm-dd hh24:mi:ss'), TO_DATE('2021-10-01 12:45:00', 'yyyy-mm-dd hh24:mi:ss'));
insert into KOTLYAROV_DM.tickets (id, id_doctor, id_speciality, closed, time_begin, time_end) values (84, 3, 2, 1, TO_DATE('2021-10-01 12:45:00', 'yyyy-mm-dd hh24:mi:ss'), TO_DATE('2021-10-01 13:00:00', 'yyyy-mm-dd hh24:mi:ss'));
insert into KOTLYAROV_DM.tickets (id, id_doctor, id_speciality, closed, time_begin, time_end) values (85, 3, 3, 0, TO_DATE('2021-10-01 13:00:00', 'yyyy-mm-dd hh24:mi:ss'), TO_DATE('2021-10-01 13:15:00', 'yyyy-mm-dd hh24:mi:ss'));
insert into KOTLYAROV_DM.tickets (id, id_doctor, id_speciality, closed, time_begin, time_end) values (86, 3, 4, 1, TO_DATE('2021-10-01 13:15:00', 'yyyy-mm-dd hh24:mi:ss'), TO_DATE('2021-10-01 13:30:00', 'yyyy-mm-dd hh24:mi:ss'));
insert into KOTLYAROV_DM.tickets (id, id_doctor, id_speciality, closed, time_begin, time_end) values (87, 3, 5, 0, TO_DATE('2021-10-01 13:30:00', 'yyyy-mm-dd hh24:mi:ss'), TO_DATE('2021-10-01 13:45:00', 'yyyy-mm-dd hh24:mi:ss'));
insert into KOTLYAROV_DM.tickets (id, id_doctor, id_speciality, closed, time_begin, time_end) values (88, 3, 6, 0, TO_DATE('2021-10-01 13:45:00', 'yyyy-mm-dd hh24:mi:ss'), TO_DATE('2021-10-01 14:00:00', 'yyyy-mm-dd hh24:mi:ss'));
insert into KOTLYAROV_DM.tickets (id, id_doctor, id_speciality, closed, time_begin, time_end) values (89, 3, 7, 1, TO_DATE('2021-10-01 14:00:00', 'yyyy-mm-dd hh24:mi:ss'), TO_DATE('2021-10-01 14:15:00', 'yyyy-mm-dd hh24:mi:ss'));
insert into KOTLYAROV_DM.tickets (id, id_doctor, id_speciality, closed, time_begin, time_end) values (90, 3, 8, 1, TO_DATE('2021-10-01 14:15:00', 'yyyy-mm-dd hh24:mi:ss'), TO_DATE('2021-10-01 14:30:00', 'yyyy-mm-dd hh24:mi:ss'));
insert into KOTLYAROV_DM.tickets (id, id_doctor, id_speciality, closed, time_begin, time_end) values (91, 3, 9, 0, TO_DATE('2021-10-01 14:30:00', 'yyyy-mm-dd hh24:mi:ss'), TO_DATE('2021-10-01 14:45:00', 'yyyy-mm-dd hh24:mi:ss'));
insert into KOTLYAROV_DM.tickets (id, id_doctor, id_speciality, closed, time_begin, time_end) values (92, 3, 10, 0, TO_DATE('2021-10-01 14:45:00', 'yyyy-mm-dd hh24:mi:ss'), TO_DATE('2021-10-01 15:00:00', 'yyyy-mm-dd hh24:mi:ss'));
insert into KOTLYAROV_DM.tickets (id, id_doctor, id_speciality, closed, time_begin, time_end) values (93, 3, 11, 1, TO_DATE('2021-10-01 15:00:00', 'yyyy-mm-dd hh24:mi:ss'), TO_DATE('2021-10-01 15:15:00', 'yyyy-mm-dd hh24:mi:ss'));
insert into KOTLYAROV_DM.tickets (id, id_doctor, id_speciality, closed, time_begin, time_end) values (94, 3, 12, 1, TO_DATE('2021-10-01 15:15:00', 'yyyy-mm-dd hh24:mi:ss'), TO_DATE('2021-10-01 15:30:00', 'yyyy-mm-dd hh24:mi:ss'));
insert into KOTLYAROV_DM.tickets (id, id_doctor, id_speciality, closed, time_begin, time_end) values (95, 3, 13, 1, TO_DATE('2021-10-01 15:30:00', 'yyyy-mm-dd hh24:mi:ss'), TO_DATE('2021-10-01 15:45:00', 'yyyy-mm-dd hh24:mi:ss'));
insert into KOTLYAROV_DM.tickets (id, id_doctor, id_speciality, closed, time_begin, time_end) values (96, 3, 14, 0, TO_DATE('2021-10-01 15:45:00', 'yyyy-mm-dd hh24:mi:ss'), TO_DATE('2021-10-01 16:00:00', 'yyyy-mm-dd hh24:mi:ss'));
insert into KOTLYAROV_DM.tickets (id, id_doctor, id_speciality, closed, time_begin, time_end) values (97, 3, 15, 1, TO_DATE('2021-10-01 16:00:00', 'yyyy-mm-dd hh24:mi:ss'), TO_DATE('2021-10-01 16:15:00', 'yyyy-mm-dd hh24:mi:ss'));
insert into KOTLYAROV_DM.tickets (id, id_doctor, id_speciality, closed, time_begin, time_end) values (98, 3, 16, 0, TO_DATE('2021-10-01 16:15:00', 'yyyy-mm-dd hh24:mi:ss'), TO_DATE('2021-10-01 16:30:00', 'yyyy-mm-dd hh24:mi:ss'));
insert into KOTLYAROV_DM.tickets (id, id_doctor, id_speciality, closed, time_begin, time_end) values (99, 3, 17, 0, TO_DATE('2021-10-01 16:30:00', 'yyyy-mm-dd hh24:mi:ss'), TO_DATE('2021-10-01 16:45:00', 'yyyy-mm-dd hh24:mi:ss'));
insert into KOTLYAROV_DM.tickets (id, id_doctor, id_speciality, closed, time_begin, time_end) values (100, 3, 18, 0, TO_DATE('2021-10-01 16:45:00', 'yyyy-mm-dd hh24:mi:ss'), TO_DATE('2021-10-01 17:00:00', 'yyyy-mm-dd hh24:mi:ss'));
insert into KOTLYAROV_DM.tickets (id, id_doctor, id_speciality, closed, time_begin, time_end) values (101, 3, 19, 0, TO_DATE('2021-10-01 17:00:00', 'yyyy-mm-dd hh24:mi:ss'), TO_DATE('2021-10-01 17:15:00', 'yyyy-mm-dd hh24:mi:ss'));
insert into KOTLYAROV_DM.tickets (id, id_doctor, id_speciality, closed, time_begin, time_end) values (102, 3, 20, 1, TO_DATE('2021-10-01 17:15:00', 'yyyy-mm-dd hh24:mi:ss'), TO_DATE('2021-10-01 17:30:00', 'yyyy-mm-dd hh24:mi:ss'));
insert into KOTLYAROV_DM.tickets (id, id_doctor, id_speciality, closed, time_begin, time_end) values (103, 3, 21, 1, TO_DATE('2021-10-01 17:30:00', 'yyyy-mm-dd hh24:mi:ss'), TO_DATE('2021-10-01 17:45:00', 'yyyy-mm-dd hh24:mi:ss'));
insert into KOTLYAROV_DM.tickets (id, id_doctor, id_speciality, closed, time_begin, time_end) values (104, 3, 22, 0, TO_DATE('2021-10-01 17:45:00', 'yyyy-mm-dd hh24:mi:ss'), TO_DATE('2021-10-01 18:00:00', 'yyyy-mm-dd hh24:mi:ss'));
insert into KOTLYAROV_DM.tickets (id, id_doctor, id_speciality, closed, time_begin, time_end) values (105, 3, 23, 0, TO_DATE('2021-10-01 18:00:00', 'yyyy-mm-dd hh24:mi:ss'), TO_DATE('2021-10-01 18:15:00', 'yyyy-mm-dd hh24:mi:ss'));
insert into KOTLYAROV_DM.tickets (id, id_doctor, id_speciality, closed, time_begin, time_end) values (106, 3, 24, 0, TO_DATE('2021-10-01 18:15:00', 'yyyy-mm-dd hh24:mi:ss'), TO_DATE('2021-10-01 18:30:00', 'yyyy-mm-dd hh24:mi:ss'));
insert into KOTLYAROV_DM.tickets (id, id_doctor, id_speciality, closed, time_begin, time_end) values (107, 3, 25, 0, TO_DATE('2021-10-01 18:30:00', 'yyyy-mm-dd hh24:mi:ss'), TO_DATE('2021-10-01 18:45:00', 'yyyy-mm-dd hh24:mi:ss'));
insert into KOTLYAROV_DM.tickets (id, id_doctor, id_speciality, closed, time_begin, time_end) values (108, 3, 26, 1, TO_DATE('2021-10-01 18:45:00', 'yyyy-mm-dd hh24:mi:ss'), TO_DATE('2021-10-01 19:00:00', 'yyyy-mm-dd hh24:mi:ss'));
insert into KOTLYAROV_DM.tickets (id, id_doctor, id_speciality, closed, time_begin, time_end) values (109, 4, 27, 1, TO_DATE('2021-10-01 10:00:00', 'yyyy-mm-dd hh24:mi:ss'), TO_DATE('2021-10-01 10:15:00', 'yyyy-mm-dd hh24:mi:ss'));
insert into KOTLYAROV_DM.tickets (id, id_doctor, id_speciality, closed, time_begin, time_end) values (110, 4, 28, 0, TO_DATE('2021-10-01 10:15:00', 'yyyy-mm-dd hh24:mi:ss'), TO_DATE('2021-10-01 10:30:00', 'yyyy-mm-dd hh24:mi:ss'));
insert into KOTLYAROV_DM.tickets (id, id_doctor, id_speciality, closed, time_begin, time_end) values (111, 4, 1, 0, TO_DATE('2021-10-01 10:30:00', 'yyyy-mm-dd hh24:mi:ss'), TO_DATE('2021-10-01 10:45:00', 'yyyy-mm-dd hh24:mi:ss'));
insert into KOTLYAROV_DM.tickets (id, id_doctor, id_speciality, closed, time_begin, time_end) values (112, 4, 2, 1, TO_DATE('2021-10-01 10:45:00', 'yyyy-mm-dd hh24:mi:ss'), TO_DATE('2021-10-01 11:00:00', 'yyyy-mm-dd hh24:mi:ss'));
insert into KOTLYAROV_DM.tickets (id, id_doctor, id_speciality, closed, time_begin, time_end) values (113, 4, 3, 1, TO_DATE('2021-10-01 11:00:00', 'yyyy-mm-dd hh24:mi:ss'), TO_DATE('2021-10-01 11:15:00', 'yyyy-mm-dd hh24:mi:ss'));
insert into KOTLYAROV_DM.tickets (id, id_doctor, id_speciality, closed, time_begin, time_end) values (114, 4, 4, 0, TO_DATE('2021-10-01 11:15:00', 'yyyy-mm-dd hh24:mi:ss'), TO_DATE('2021-10-01 11:30:00', 'yyyy-mm-dd hh24:mi:ss'));
insert into KOTLYAROV_DM.tickets (id, id_doctor, id_speciality, closed, time_begin, time_end) values (115, 4, 5, 1, TO_DATE('2021-10-01 11:30:00', 'yyyy-mm-dd hh24:mi:ss'), TO_DATE('2021-10-01 11:45:00', 'yyyy-mm-dd hh24:mi:ss'));
insert into KOTLYAROV_DM.tickets (id, id_doctor, id_speciality, closed, time_begin, time_end) values (116, 4, 6, 0, TO_DATE('2021-10-01 11:45:00', 'yyyy-mm-dd hh24:mi:ss'), TO_DATE('2021-10-01 12:00:00', 'yyyy-mm-dd hh24:mi:ss'));
insert into KOTLYAROV_DM.tickets (id, id_doctor, id_speciality, closed, time_begin, time_end) values (117, 4, 7, 0, TO_DATE('2021-10-01 12:00:00', 'yyyy-mm-dd hh24:mi:ss'), TO_DATE('2021-10-01 12:15:00', 'yyyy-mm-dd hh24:mi:ss'));
insert into KOTLYAROV_DM.tickets (id, id_doctor, id_speciality, closed, time_begin, time_end) values (118, 4, 8, 0, TO_DATE('2021-10-01 12:15:00', 'yyyy-mm-dd hh24:mi:ss'), TO_DATE('2021-10-01 12:30:00', 'yyyy-mm-dd hh24:mi:ss'));
insert into KOTLYAROV_DM.tickets (id, id_doctor, id_speciality, closed, time_begin, time_end) values (119, 4, 9, 0, TO_DATE('2021-10-01 12:30:00', 'yyyy-mm-dd hh24:mi:ss'), TO_DATE('2021-10-01 12:45:00', 'yyyy-mm-dd hh24:mi:ss'));
insert into KOTLYAROV_DM.tickets (id, id_doctor, id_speciality, closed, time_begin, time_end) values (120, 4, 10, 0, TO_DATE('2021-10-01 12:45:00', 'yyyy-mm-dd hh24:mi:ss'), TO_DATE('2021-10-01 13:00:00', 'yyyy-mm-dd hh24:mi:ss'));
insert into KOTLYAROV_DM.tickets (id, id_doctor, id_speciality, closed, time_begin, time_end) values (121, 4, 11, 1, TO_DATE('2021-10-01 13:00:00', 'yyyy-mm-dd hh24:mi:ss'), TO_DATE('2021-10-01 13:15:00', 'yyyy-mm-dd hh24:mi:ss'));
insert into KOTLYAROV_DM.tickets (id, id_doctor, id_speciality, closed, time_begin, time_end) values (122, 4, 12, 0, TO_DATE('2021-10-01 13:15:00', 'yyyy-mm-dd hh24:mi:ss'), TO_DATE('2021-10-01 13:30:00', 'yyyy-mm-dd hh24:mi:ss'));
insert into KOTLYAROV_DM.tickets (id, id_doctor, id_speciality, closed, time_begin, time_end) values (123, 4, 13, 1, TO_DATE('2021-10-01 13:30:00', 'yyyy-mm-dd hh24:mi:ss'), TO_DATE('2021-10-01 13:45:00', 'yyyy-mm-dd hh24:mi:ss'));
insert into KOTLYAROV_DM.tickets (id, id_doctor, id_speciality, closed, time_begin, time_end) values (124, 4, 14, 0, TO_DATE('2021-10-01 13:45:00', 'yyyy-mm-dd hh24:mi:ss'), TO_DATE('2021-10-01 14:00:00', 'yyyy-mm-dd hh24:mi:ss'));
insert into KOTLYAROV_DM.tickets (id, id_doctor, id_speciality, closed, time_begin, time_end) values (125, 4, 15, 1, TO_DATE('2021-10-01 14:00:00', 'yyyy-mm-dd hh24:mi:ss'), TO_DATE('2021-10-01 14:15:00', 'yyyy-mm-dd hh24:mi:ss'));
insert into KOTLYAROV_DM.tickets (id, id_doctor, id_speciality, closed, time_begin, time_end) values (126, 4, 16, 1, TO_DATE('2021-10-01 14:15:00', 'yyyy-mm-dd hh24:mi:ss'), TO_DATE('2021-10-01 14:30:00', 'yyyy-mm-dd hh24:mi:ss'));
insert into KOTLYAROV_DM.tickets (id, id_doctor, id_speciality, closed, time_begin, time_end) values (127, 4, 17, 0, TO_DATE('2021-10-01 14:30:00', 'yyyy-mm-dd hh24:mi:ss'), TO_DATE('2021-10-01 14:45:00', 'yyyy-mm-dd hh24:mi:ss'));
insert into KOTLYAROV_DM.tickets (id, id_doctor, id_speciality, closed, time_begin, time_end) values (128, 4, 18, 0, TO_DATE('2021-10-01 14:45:00', 'yyyy-mm-dd hh24:mi:ss'), TO_DATE('2021-10-01 15:00:00', 'yyyy-mm-dd hh24:mi:ss'));
insert into KOTLYAROV_DM.tickets (id, id_doctor, id_speciality, closed, time_begin, time_end) values (129, 4, 19, 0, TO_DATE('2021-10-01 15:00:00', 'yyyy-mm-dd hh24:mi:ss'), TO_DATE('2021-10-01 15:15:00', 'yyyy-mm-dd hh24:mi:ss'));
insert into KOTLYAROV_DM.tickets (id, id_doctor, id_speciality, closed, time_begin, time_end) values (130, 4, 20, 1, TO_DATE('2021-10-01 15:15:00', 'yyyy-mm-dd hh24:mi:ss'), TO_DATE('2021-10-01 15:30:00', 'yyyy-mm-dd hh24:mi:ss'));
insert into KOTLYAROV_DM.tickets (id, id_doctor, id_speciality, closed, time_begin, time_end) values (131, 4, 21, 1, TO_DATE('2021-10-01 15:30:00', 'yyyy-mm-dd hh24:mi:ss'), TO_DATE('2021-10-01 15:45:00', 'yyyy-mm-dd hh24:mi:ss'));
insert into KOTLYAROV_DM.tickets (id, id_doctor, id_speciality, closed, time_begin, time_end) values (132, 4, 22, 1, TO_DATE('2021-10-01 15:45:00', 'yyyy-mm-dd hh24:mi:ss'), TO_DATE('2021-10-01 16:00:00', 'yyyy-mm-dd hh24:mi:ss'));
insert into KOTLYAROV_DM.tickets (id, id_doctor, id_speciality, closed, time_begin, time_end) values (133, 4, 23, 0, TO_DATE('2021-10-01 16:00:00', 'yyyy-mm-dd hh24:mi:ss'), TO_DATE('2021-10-01 16:15:00', 'yyyy-mm-dd hh24:mi:ss'));
insert into KOTLYAROV_DM.tickets (id, id_doctor, id_speciality, closed, time_begin, time_end) values (134, 4, 24, 0, TO_DATE('2021-10-01 16:15:00', 'yyyy-mm-dd hh24:mi:ss'), TO_DATE('2021-10-01 16:30:00', 'yyyy-mm-dd hh24:mi:ss'));
insert into KOTLYAROV_DM.tickets (id, id_doctor, id_speciality, closed, time_begin, time_end) values (135, 4, 25, 1, TO_DATE('2021-10-01 16:30:00', 'yyyy-mm-dd hh24:mi:ss'), TO_DATE('2021-10-01 16:45:00', 'yyyy-mm-dd hh24:mi:ss'));
insert into KOTLYAROV_DM.tickets (id, id_doctor, id_speciality, closed, time_begin, time_end) values (136, 4, 26, 0, TO_DATE('2021-10-01 16:45:00', 'yyyy-mm-dd hh24:mi:ss'), TO_DATE('2021-10-01 17:00:00', 'yyyy-mm-dd hh24:mi:ss'));
insert into KOTLYAROV_DM.tickets (id, id_doctor, id_speciality, closed, time_begin, time_end) values (137, 4, 27, 1, TO_DATE('2021-10-01 17:00:00', 'yyyy-mm-dd hh24:mi:ss'), TO_DATE('2021-10-01 17:15:00', 'yyyy-mm-dd hh24:mi:ss'));
insert into KOTLYAROV_DM.tickets (id, id_doctor, id_speciality, closed, time_begin, time_end) values (138, 4, 28, 0, TO_DATE('2021-10-01 17:15:00', 'yyyy-mm-dd hh24:mi:ss'), TO_DATE('2021-10-01 17:30:00', 'yyyy-mm-dd hh24:mi:ss'));
insert into KOTLYAROV_DM.tickets (id, id_doctor, id_speciality, closed, time_begin, time_end) values (139, 4, 1, 1, TO_DATE('2021-10-01 17:30:00', 'yyyy-mm-dd hh24:mi:ss'), TO_DATE('2021-10-01 17:45:00', 'yyyy-mm-dd hh24:mi:ss'));
insert into KOTLYAROV_DM.tickets (id, id_doctor, id_speciality, closed, time_begin, time_end) values (140, 4, 2, 1, TO_DATE('2021-10-01 17:45:00', 'yyyy-mm-dd hh24:mi:ss'), TO_DATE('2021-10-01 18:00:00', 'yyyy-mm-dd hh24:mi:ss'));
insert into KOTLYAROV_DM.tickets (id, id_doctor, id_speciality, closed, time_begin, time_end) values (141, 4, 3, 0, TO_DATE('2021-10-01 18:00:00', 'yyyy-mm-dd hh24:mi:ss'), TO_DATE('2021-10-01 18:15:00', 'yyyy-mm-dd hh24:mi:ss'));
insert into KOTLYAROV_DM.tickets (id, id_doctor, id_speciality, closed, time_begin, time_end) values (142, 4, 4, 1, TO_DATE('2021-10-01 18:15:00', 'yyyy-mm-dd hh24:mi:ss'), TO_DATE('2021-10-01 18:30:00', 'yyyy-mm-dd hh24:mi:ss'));
insert into KOTLYAROV_DM.tickets (id, id_doctor, id_speciality, closed, time_begin, time_end) values (143, 4, 5, 0, TO_DATE('2021-10-01 18:30:00', 'yyyy-mm-dd hh24:mi:ss'), TO_DATE('2021-10-01 18:45:00', 'yyyy-mm-dd hh24:mi:ss'));
insert into KOTLYAROV_DM.tickets (id, id_doctor, id_speciality, closed, time_begin, time_end) values (144, 4, 6, 1, TO_DATE('2021-10-01 18:45:00', 'yyyy-mm-dd hh24:mi:ss'), TO_DATE('2021-10-01 19:00:00', 'yyyy-mm-dd hh24:mi:ss'));
insert into KOTLYAROV_DM.tickets (id, id_doctor, id_speciality, closed, time_begin, time_end) values (145, 5, 7, 1, TO_DATE('2021-10-01 10:00:00', 'yyyy-mm-dd hh24:mi:ss'), TO_DATE('2021-10-01 10:15:00', 'yyyy-mm-dd hh24:mi:ss'));
insert into KOTLYAROV_DM.tickets (id, id_doctor, id_speciality, closed, time_begin, time_end) values (146, 5, 8, 1, TO_DATE('2021-10-01 10:15:00', 'yyyy-mm-dd hh24:mi:ss'), TO_DATE('2021-10-01 10:30:00', 'yyyy-mm-dd hh24:mi:ss'));
insert into KOTLYAROV_DM.tickets (id, id_doctor, id_speciality, closed, time_begin, time_end) values (147, 5, 9, 1, TO_DATE('2021-10-01 10:30:00', 'yyyy-mm-dd hh24:mi:ss'), TO_DATE('2021-10-01 10:45:00', 'yyyy-mm-dd hh24:mi:ss'));
insert into KOTLYAROV_DM.tickets (id, id_doctor, id_speciality, closed, time_begin, time_end) values (148, 5, 10, 0, TO_DATE('2021-10-01 10:45:00', 'yyyy-mm-dd hh24:mi:ss'), TO_DATE('2021-10-01 11:00:00', 'yyyy-mm-dd hh24:mi:ss'));
insert into KOTLYAROV_DM.tickets (id, id_doctor, id_speciality, closed, time_begin, time_end) values (149, 5, 11, 0, TO_DATE('2021-10-01 11:00:00', 'yyyy-mm-dd hh24:mi:ss'), TO_DATE('2021-10-01 11:15:00', 'yyyy-mm-dd hh24:mi:ss'));
insert into KOTLYAROV_DM.tickets (id, id_doctor, id_speciality, closed, time_begin, time_end) values (150, 5, 12, 1, TO_DATE('2021-10-01 11:15:00', 'yyyy-mm-dd hh24:mi:ss'), TO_DATE('2021-10-01 11:30:00', 'yyyy-mm-dd hh24:mi:ss'));
insert into KOTLYAROV_DM.tickets (id, id_doctor, id_speciality, closed, time_begin, time_end) values (151, 5, 13, 0, TO_DATE('2021-10-01 11:30:00', 'yyyy-mm-dd hh24:mi:ss'), TO_DATE('2021-10-01 11:45:00', 'yyyy-mm-dd hh24:mi:ss'));
insert into KOTLYAROV_DM.tickets (id, id_doctor, id_speciality, closed, time_begin, time_end) values (152, 5, 14, 0, TO_DATE('2021-10-01 11:45:00', 'yyyy-mm-dd hh24:mi:ss'), TO_DATE('2021-10-01 12:00:00', 'yyyy-mm-dd hh24:mi:ss'));
insert into KOTLYAROV_DM.tickets (id, id_doctor, id_speciality, closed, time_begin, time_end) values (153, 5, 15, 1, TO_DATE('2021-10-01 12:00:00', 'yyyy-mm-dd hh24:mi:ss'), TO_DATE('2021-10-01 12:15:00', 'yyyy-mm-dd hh24:mi:ss'));
insert into KOTLYAROV_DM.tickets (id, id_doctor, id_speciality, closed, time_begin, time_end) values (154, 5, 16, 0, TO_DATE('2021-10-01 12:15:00', 'yyyy-mm-dd hh24:mi:ss'), TO_DATE('2021-10-01 12:30:00', 'yyyy-mm-dd hh24:mi:ss'));
insert into KOTLYAROV_DM.tickets (id, id_doctor, id_speciality, closed, time_begin, time_end) values (155, 5, 17, 0, TO_DATE('2021-10-01 12:30:00', 'yyyy-mm-dd hh24:mi:ss'), TO_DATE('2021-10-01 12:45:00', 'yyyy-mm-dd hh24:mi:ss'));
insert into KOTLYAROV_DM.tickets (id, id_doctor, id_speciality, closed, time_begin, time_end) values (156, 5, 18, 1, TO_DATE('2021-10-01 12:45:00', 'yyyy-mm-dd hh24:mi:ss'), TO_DATE('2021-10-01 13:00:00', 'yyyy-mm-dd hh24:mi:ss'));
insert into KOTLYAROV_DM.tickets (id, id_doctor, id_speciality, closed, time_begin, time_end) values (157, 5, 19, 0, TO_DATE('2021-10-01 13:00:00', 'yyyy-mm-dd hh24:mi:ss'), TO_DATE('2021-10-01 13:15:00', 'yyyy-mm-dd hh24:mi:ss'));
insert into KOTLYAROV_DM.tickets (id, id_doctor, id_speciality, closed, time_begin, time_end) values (158, 5, 20, 1, TO_DATE('2021-10-01 13:15:00', 'yyyy-mm-dd hh24:mi:ss'), TO_DATE('2021-10-01 13:30:00', 'yyyy-mm-dd hh24:mi:ss'));
insert into KOTLYAROV_DM.tickets (id, id_doctor, id_speciality, closed, time_begin, time_end) values (159, 5, 21, 0, TO_DATE('2021-10-01 13:30:00', 'yyyy-mm-dd hh24:mi:ss'), TO_DATE('2021-10-01 13:45:00', 'yyyy-mm-dd hh24:mi:ss'));
insert into KOTLYAROV_DM.tickets (id, id_doctor, id_speciality, closed, time_begin, time_end) values (160, 5, 22, 0, TO_DATE('2021-10-01 13:45:00', 'yyyy-mm-dd hh24:mi:ss'), TO_DATE('2021-10-01 14:00:00', 'yyyy-mm-dd hh24:mi:ss'));
insert into KOTLYAROV_DM.tickets (id, id_doctor, id_speciality, closed, time_begin, time_end) values (161, 5, 23, 0, TO_DATE('2021-10-01 14:00:00', 'yyyy-mm-dd hh24:mi:ss'), TO_DATE('2021-10-01 14:15:00', 'yyyy-mm-dd hh24:mi:ss'));
insert into KOTLYAROV_DM.tickets (id, id_doctor, id_speciality, closed, time_begin, time_end) values (162, 5, 24, 1, TO_DATE('2021-10-01 14:15:00', 'yyyy-mm-dd hh24:mi:ss'), TO_DATE('2021-10-01 14:30:00', 'yyyy-mm-dd hh24:mi:ss'));
insert into KOTLYAROV_DM.tickets (id, id_doctor, id_speciality, closed, time_begin, time_end) values (163, 5, 25, 0, TO_DATE('2021-10-01 14:30:00', 'yyyy-mm-dd hh24:mi:ss'), TO_DATE('2021-10-01 14:45:00', 'yyyy-mm-dd hh24:mi:ss'));
insert into KOTLYAROV_DM.tickets (id, id_doctor, id_speciality, closed, time_begin, time_end) values (164, 5, 26, 0, TO_DATE('2021-10-01 14:45:00', 'yyyy-mm-dd hh24:mi:ss'), TO_DATE('2021-10-01 15:00:00', 'yyyy-mm-dd hh24:mi:ss'));
insert into KOTLYAROV_DM.tickets (id, id_doctor, id_speciality, closed, time_begin, time_end) values (165, 5, 27, 1, TO_DATE('2021-10-01 15:00:00', 'yyyy-mm-dd hh24:mi:ss'), TO_DATE('2021-10-01 15:15:00', 'yyyy-mm-dd hh24:mi:ss'));
insert into KOTLYAROV_DM.tickets (id, id_doctor, id_speciality, closed, time_begin, time_end) values (166, 5, 28, 1, TO_DATE('2021-10-01 15:15:00', 'yyyy-mm-dd hh24:mi:ss'), TO_DATE('2021-10-01 15:30:00', 'yyyy-mm-dd hh24:mi:ss'));
insert into KOTLYAROV_DM.tickets (id, id_doctor, id_speciality, closed, time_begin, time_end) values (167, 5, 1, 1, TO_DATE('2021-10-01 15:30:00', 'yyyy-mm-dd hh24:mi:ss'), TO_DATE('2021-10-01 15:45:00', 'yyyy-mm-dd hh24:mi:ss'));
insert into KOTLYAROV_DM.tickets (id, id_doctor, id_speciality, closed, time_begin, time_end) values (168, 5, 2, 1, TO_DATE('2021-10-01 15:45:00', 'yyyy-mm-dd hh24:mi:ss'), TO_DATE('2021-10-01 16:00:00', 'yyyy-mm-dd hh24:mi:ss'));
insert into KOTLYAROV_DM.tickets (id, id_doctor, id_speciality, closed, time_begin, time_end) values (169, 5, 3, 0, TO_DATE('2021-10-01 16:00:00', 'yyyy-mm-dd hh24:mi:ss'), TO_DATE('2021-10-01 16:15:00', 'yyyy-mm-dd hh24:mi:ss'));
insert into KOTLYAROV_DM.tickets (id, id_doctor, id_speciality, closed, time_begin, time_end) values (170, 5, 4, 0, TO_DATE('2021-10-01 16:15:00', 'yyyy-mm-dd hh24:mi:ss'), TO_DATE('2021-10-01 16:30:00', 'yyyy-mm-dd hh24:mi:ss'));
insert into KOTLYAROV_DM.tickets (id, id_doctor, id_speciality, closed, time_begin, time_end) values (171, 5, 5, 1, TO_DATE('2021-10-01 16:30:00', 'yyyy-mm-dd hh24:mi:ss'), TO_DATE('2021-10-01 16:45:00', 'yyyy-mm-dd hh24:mi:ss'));
insert into KOTLYAROV_DM.tickets (id, id_doctor, id_speciality, closed, time_begin, time_end) values (172, 5, 6, 0, TO_DATE('2021-10-01 16:45:00', 'yyyy-mm-dd hh24:mi:ss'), TO_DATE('2021-10-01 17:00:00', 'yyyy-mm-dd hh24:mi:ss'));
insert into KOTLYAROV_DM.tickets (id, id_doctor, id_speciality, closed, time_begin, time_end) values (173, 5, 7, 1, TO_DATE('2021-10-01 17:00:00', 'yyyy-mm-dd hh24:mi:ss'), TO_DATE('2021-10-01 17:15:00', 'yyyy-mm-dd hh24:mi:ss'));
insert into KOTLYAROV_DM.tickets (id, id_doctor, id_speciality, closed, time_begin, time_end) values (174, 5, 8, 1, TO_DATE('2021-10-01 17:15:00', 'yyyy-mm-dd hh24:mi:ss'), TO_DATE('2021-10-01 17:30:00', 'yyyy-mm-dd hh24:mi:ss'));
insert into KOTLYAROV_DM.tickets (id, id_doctor, id_speciality, closed, time_begin, time_end) values (175, 5, 9, 0, TO_DATE('2021-10-01 17:30:00', 'yyyy-mm-dd hh24:mi:ss'), TO_DATE('2021-10-01 17:45:00', 'yyyy-mm-dd hh24:mi:ss'));
insert into KOTLYAROV_DM.tickets (id, id_doctor, id_speciality, closed, time_begin, time_end) values (176, 5, 10, 0, TO_DATE('2021-10-01 17:45:00', 'yyyy-mm-dd hh24:mi:ss'), TO_DATE('2021-10-01 18:00:00', 'yyyy-mm-dd hh24:mi:ss'));
insert into KOTLYAROV_DM.tickets (id, id_doctor, id_speciality, closed, time_begin, time_end) values (177, 5, 11, 0, TO_DATE('2021-10-01 18:00:00', 'yyyy-mm-dd hh24:mi:ss'), TO_DATE('2021-10-01 18:15:00', 'yyyy-mm-dd hh24:mi:ss'));
insert into KOTLYAROV_DM.tickets (id, id_doctor, id_speciality, closed, time_begin, time_end) values (178, 5, 12, 1, TO_DATE('2021-10-01 18:15:00', 'yyyy-mm-dd hh24:mi:ss'), TO_DATE('2021-10-01 18:30:00', 'yyyy-mm-dd hh24:mi:ss'));
insert into KOTLYAROV_DM.tickets (id, id_doctor, id_speciality, closed, time_begin, time_end) values (179, 5, 13, 0, TO_DATE('2021-10-01 18:30:00', 'yyyy-mm-dd hh24:mi:ss'), TO_DATE('2021-10-01 18:45:00', 'yyyy-mm-dd hh24:mi:ss'));
insert into KOTLYAROV_DM.tickets (id, id_doctor, id_speciality, closed, time_begin, time_end) values (180, 5, 14, 0, TO_DATE('2021-10-01 18:45:00', 'yyyy-mm-dd hh24:mi:ss'), TO_DATE('2021-10-01 19:00:00', 'yyyy-mm-dd hh24:mi:ss'));
insert into KOTLYAROV_DM.tickets (id, id_doctor, id_speciality, closed, time_begin, time_end) values (181, 6, 15, 0, TO_DATE('2021-10-01 10:00:00', 'yyyy-mm-dd hh24:mi:ss'), TO_DATE('2021-10-01 10:15:00', 'yyyy-mm-dd hh24:mi:ss'));
insert into KOTLYAROV_DM.tickets (id, id_doctor, id_speciality, closed, time_begin, time_end) values (182, 6, 16, 0, TO_DATE('2021-10-01 10:15:00', 'yyyy-mm-dd hh24:mi:ss'), TO_DATE('2021-10-01 10:30:00', 'yyyy-mm-dd hh24:mi:ss'));
insert into KOTLYAROV_DM.tickets (id, id_doctor, id_speciality, closed, time_begin, time_end) values (183, 6, 17, 0, TO_DATE('2021-10-01 10:30:00', 'yyyy-mm-dd hh24:mi:ss'), TO_DATE('2021-10-01 10:45:00', 'yyyy-mm-dd hh24:mi:ss'));
insert into KOTLYAROV_DM.tickets (id, id_doctor, id_speciality, closed, time_begin, time_end) values (184, 6, 18, 1, TO_DATE('2021-10-01 10:45:00', 'yyyy-mm-dd hh24:mi:ss'), TO_DATE('2021-10-01 11:00:00', 'yyyy-mm-dd hh24:mi:ss'));
insert into KOTLYAROV_DM.tickets (id, id_doctor, id_speciality, closed, time_begin, time_end) values (185, 6, 19, 1, TO_DATE('2021-10-01 11:00:00', 'yyyy-mm-dd hh24:mi:ss'), TO_DATE('2021-10-01 11:15:00', 'yyyy-mm-dd hh24:mi:ss'));
insert into KOTLYAROV_DM.tickets (id, id_doctor, id_speciality, closed, time_begin, time_end) values (186, 6, 20, 1, TO_DATE('2021-10-01 11:15:00', 'yyyy-mm-dd hh24:mi:ss'), TO_DATE('2021-10-01 11:30:00', 'yyyy-mm-dd hh24:mi:ss'));
insert into KOTLYAROV_DM.tickets (id, id_doctor, id_speciality, closed, time_begin, time_end) values (187, 6, 21, 0, TO_DATE('2021-10-01 11:30:00', 'yyyy-mm-dd hh24:mi:ss'), TO_DATE('2021-10-01 11:45:00', 'yyyy-mm-dd hh24:mi:ss'));
insert into KOTLYAROV_DM.tickets (id, id_doctor, id_speciality, closed, time_begin, time_end) values (188, 6, 22, 0, TO_DATE('2021-10-01 11:45:00', 'yyyy-mm-dd hh24:mi:ss'), TO_DATE('2021-10-01 12:00:00', 'yyyy-mm-dd hh24:mi:ss'));
insert into KOTLYAROV_DM.tickets (id, id_doctor, id_speciality, closed, time_begin, time_end) values (189, 6, 23, 1, TO_DATE('2021-10-01 12:00:00', 'yyyy-mm-dd hh24:mi:ss'), TO_DATE('2021-10-01 12:15:00', 'yyyy-mm-dd hh24:mi:ss'));
insert into KOTLYAROV_DM.tickets (id, id_doctor, id_speciality, closed, time_begin, time_end) values (190, 6, 24, 1, TO_DATE('2021-10-01 12:15:00', 'yyyy-mm-dd hh24:mi:ss'), TO_DATE('2021-10-01 12:30:00', 'yyyy-mm-dd hh24:mi:ss'));
insert into KOTLYAROV_DM.tickets (id, id_doctor, id_speciality, closed, time_begin, time_end) values (191, 6, 25, 1, TO_DATE('2021-10-01 12:30:00', 'yyyy-mm-dd hh24:mi:ss'), TO_DATE('2021-10-01 12:45:00', 'yyyy-mm-dd hh24:mi:ss'));
insert into KOTLYAROV_DM.tickets (id, id_doctor, id_speciality, closed, time_begin, time_end) values (192, 6, 26, 0, TO_DATE('2021-10-01 12:45:00', 'yyyy-mm-dd hh24:mi:ss'), TO_DATE('2021-10-01 13:00:00', 'yyyy-mm-dd hh24:mi:ss'));
insert into KOTLYAROV_DM.tickets (id, id_doctor, id_speciality, closed, time_begin, time_end) values (193, 6, 27, 0, TO_DATE('2021-10-01 13:00:00', 'yyyy-mm-dd hh24:mi:ss'), TO_DATE('2021-10-01 13:15:00', 'yyyy-mm-dd hh24:mi:ss'));
insert into KOTLYAROV_DM.tickets (id, id_doctor, id_speciality, closed, time_begin, time_end) values (194, 6, 28, 1, TO_DATE('2021-10-01 13:15:00', 'yyyy-mm-dd hh24:mi:ss'), TO_DATE('2021-10-01 13:30:00', 'yyyy-mm-dd hh24:mi:ss'));
insert into KOTLYAROV_DM.tickets (id, id_doctor, id_speciality, closed, time_begin, time_end) values (195, 6, 1, 0, TO_DATE('2021-10-01 13:30:00', 'yyyy-mm-dd hh24:mi:ss'), TO_DATE('2021-10-01 13:45:00', 'yyyy-mm-dd hh24:mi:ss'));
insert into KOTLYAROV_DM.tickets (id, id_doctor, id_speciality, closed, time_begin, time_end) values (196, 6, 2, 0, TO_DATE('2021-10-01 13:45:00', 'yyyy-mm-dd hh24:mi:ss'), TO_DATE('2021-10-01 14:00:00', 'yyyy-mm-dd hh24:mi:ss'));
insert into KOTLYAROV_DM.tickets (id, id_doctor, id_speciality, closed, time_begin, time_end) values (197, 6, 3, 0, TO_DATE('2021-10-01 14:00:00', 'yyyy-mm-dd hh24:mi:ss'), TO_DATE('2021-10-01 14:15:00', 'yyyy-mm-dd hh24:mi:ss'));
insert into KOTLYAROV_DM.tickets (id, id_doctor, id_speciality, closed, time_begin, time_end) values (198, 6, 4, 1, TO_DATE('2021-10-01 14:15:00', 'yyyy-mm-dd hh24:mi:ss'), TO_DATE('2021-10-01 14:30:00', 'yyyy-mm-dd hh24:mi:ss'));
insert into KOTLYAROV_DM.tickets (id, id_doctor, id_speciality, closed, time_begin, time_end) values (199, 6, 5, 1, TO_DATE('2021-10-01 14:30:00', 'yyyy-mm-dd hh24:mi:ss'), TO_DATE('2021-10-01 14:45:00', 'yyyy-mm-dd hh24:mi:ss'));
insert into KOTLYAROV_DM.tickets (id, id_doctor, id_speciality, closed, time_begin, time_end) values (200, 6, 6, 1, TO_DATE('2021-10-01 14:45:00', 'yyyy-mm-dd hh24:mi:ss'), TO_DATE('2021-10-01 15:00:00', 'yyyy-mm-dd hh24:mi:ss'));
insert into KOTLYAROV_DM.tickets (id, id_doctor, id_speciality, closed, time_begin, time_end) values (201, 6, 7, 0, TO_DATE('2021-10-01 15:00:00', 'yyyy-mm-dd hh24:mi:ss'), TO_DATE('2021-10-01 15:15:00', 'yyyy-mm-dd hh24:mi:ss'));
insert into KOTLYAROV_DM.tickets (id, id_doctor, id_speciality, closed, time_begin, time_end) values (202, 6, 8, 1, TO_DATE('2021-10-01 15:15:00', 'yyyy-mm-dd hh24:mi:ss'), TO_DATE('2021-10-01 15:30:00', 'yyyy-mm-dd hh24:mi:ss'));
insert into KOTLYAROV_DM.tickets (id, id_doctor, id_speciality, closed, time_begin, time_end) values (203, 6, 9, 1, TO_DATE('2021-10-01 15:30:00', 'yyyy-mm-dd hh24:mi:ss'), TO_DATE('2021-10-01 15:45:00', 'yyyy-mm-dd hh24:mi:ss'));
insert into KOTLYAROV_DM.tickets (id, id_doctor, id_speciality, closed, time_begin, time_end) values (204, 6, 10, 0, TO_DATE('2021-10-01 15:45:00', 'yyyy-mm-dd hh24:mi:ss'), TO_DATE('2021-10-01 16:00:00', 'yyyy-mm-dd hh24:mi:ss'));
insert into KOTLYAROV_DM.tickets (id, id_doctor, id_speciality, closed, time_begin, time_end) values (205, 6, 11, 1, TO_DATE('2021-10-01 16:00:00', 'yyyy-mm-dd hh24:mi:ss'), TO_DATE('2021-10-01 16:15:00', 'yyyy-mm-dd hh24:mi:ss'));
insert into KOTLYAROV_DM.tickets (id, id_doctor, id_speciality, closed, time_begin, time_end) values (206, 6, 12, 1, TO_DATE('2021-10-01 16:15:00', 'yyyy-mm-dd hh24:mi:ss'), TO_DATE('2021-10-01 16:30:00', 'yyyy-mm-dd hh24:mi:ss'));
insert into KOTLYAROV_DM.tickets (id, id_doctor, id_speciality, closed, time_begin, time_end) values (207, 6, 13, 1, TO_DATE('2021-10-01 16:30:00', 'yyyy-mm-dd hh24:mi:ss'), TO_DATE('2021-10-01 16:45:00', 'yyyy-mm-dd hh24:mi:ss'));
insert into KOTLYAROV_DM.tickets (id, id_doctor, id_speciality, closed, time_begin, time_end) values (208, 6, 14, 1, TO_DATE('2021-10-01 16:45:00', 'yyyy-mm-dd hh24:mi:ss'), TO_DATE('2021-10-01 17:00:00', 'yyyy-mm-dd hh24:mi:ss'));
insert into KOTLYAROV_DM.tickets (id, id_doctor, id_speciality, closed, time_begin, time_end) values (209, 6, 15, 1, TO_DATE('2021-10-01 17:00:00', 'yyyy-mm-dd hh24:mi:ss'), TO_DATE('2021-10-01 17:15:00', 'yyyy-mm-dd hh24:mi:ss'));
insert into KOTLYAROV_DM.tickets (id, id_doctor, id_speciality, closed, time_begin, time_end) values (210, 6, 16, 1, TO_DATE('2021-10-01 17:15:00', 'yyyy-mm-dd hh24:mi:ss'), TO_DATE('2021-10-01 17:30:00', 'yyyy-mm-dd hh24:mi:ss'));
insert into KOTLYAROV_DM.tickets (id, id_doctor, id_speciality, closed, time_begin, time_end) values (211, 6, 17, 1, TO_DATE('2021-10-01 17:30:00', 'yyyy-mm-dd hh24:mi:ss'), TO_DATE('2021-10-01 17:45:00', 'yyyy-mm-dd hh24:mi:ss'));
insert into KOTLYAROV_DM.tickets (id, id_doctor, id_speciality, closed, time_begin, time_end) values (212, 6, 18, 1, TO_DATE('2021-10-01 17:45:00', 'yyyy-mm-dd hh24:mi:ss'), TO_DATE('2021-10-01 18:00:00', 'yyyy-mm-dd hh24:mi:ss'));
insert into KOTLYAROV_DM.tickets (id, id_doctor, id_speciality, closed, time_begin, time_end) values (213, 6, 19, 1, TO_DATE('2021-10-01 18:00:00', 'yyyy-mm-dd hh24:mi:ss'), TO_DATE('2021-10-01 18:15:00', 'yyyy-mm-dd hh24:mi:ss'));
insert into KOTLYAROV_DM.tickets (id, id_doctor, id_speciality, closed, time_begin, time_end) values (214, 6, 20, 1, TO_DATE('2021-10-01 18:15:00', 'yyyy-mm-dd hh24:mi:ss'), TO_DATE('2021-10-01 18:30:00', 'yyyy-mm-dd hh24:mi:ss'));
insert into KOTLYAROV_DM.tickets (id, id_doctor, id_speciality, closed, time_begin, time_end) values (215, 6, 21, 1, TO_DATE('2021-10-01 18:30:00', 'yyyy-mm-dd hh24:mi:ss'), TO_DATE('2021-10-01 18:45:00', 'yyyy-mm-dd hh24:mi:ss'));
insert into KOTLYAROV_DM.tickets (id, id_doctor, id_speciality, closed, time_begin, time_end) values (216, 6, 22, 0, TO_DATE('2021-10-01 18:45:00', 'yyyy-mm-dd hh24:mi:ss'), TO_DATE('2021-10-01 19:00:00', 'yyyy-mm-dd hh24:mi:ss'));
insert into KOTLYAROV_DM.tickets (id, id_doctor, id_speciality, closed, time_begin, time_end) values (217, 7, 23, 1, TO_DATE('2021-10-01 10:00:00', 'yyyy-mm-dd hh24:mi:ss'), TO_DATE('2021-10-01 10:15:00', 'yyyy-mm-dd hh24:mi:ss'));
insert into KOTLYAROV_DM.tickets (id, id_doctor, id_speciality, closed, time_begin, time_end) values (218, 7, 24, 0, TO_DATE('2021-10-01 10:15:00', 'yyyy-mm-dd hh24:mi:ss'), TO_DATE('2021-10-01 10:30:00', 'yyyy-mm-dd hh24:mi:ss'));
insert into KOTLYAROV_DM.tickets (id, id_doctor, id_speciality, closed, time_begin, time_end) values (219, 7, 25, 1, TO_DATE('2021-10-01 10:30:00', 'yyyy-mm-dd hh24:mi:ss'), TO_DATE('2021-10-01 10:45:00', 'yyyy-mm-dd hh24:mi:ss'));
insert into KOTLYAROV_DM.tickets (id, id_doctor, id_speciality, closed, time_begin, time_end) values (220, 7, 26, 1, TO_DATE('2021-10-01 10:45:00', 'yyyy-mm-dd hh24:mi:ss'), TO_DATE('2021-10-01 11:00:00', 'yyyy-mm-dd hh24:mi:ss'));
insert into KOTLYAROV_DM.tickets (id, id_doctor, id_speciality, closed, time_begin, time_end) values (221, 7, 27, 1, TO_DATE('2021-10-01 11:00:00', 'yyyy-mm-dd hh24:mi:ss'), TO_DATE('2021-10-01 11:15:00', 'yyyy-mm-dd hh24:mi:ss'));
insert into KOTLYAROV_DM.tickets (id, id_doctor, id_speciality, closed, time_begin, time_end) values (222, 7, 28, 0, TO_DATE('2021-10-01 11:15:00', 'yyyy-mm-dd hh24:mi:ss'), TO_DATE('2021-10-01 11:30:00', 'yyyy-mm-dd hh24:mi:ss'));
insert into KOTLYAROV_DM.tickets (id, id_doctor, id_speciality, closed, time_begin, time_end) values (223, 7, 1, 0, TO_DATE('2021-10-01 11:30:00', 'yyyy-mm-dd hh24:mi:ss'), TO_DATE('2021-10-01 11:45:00', 'yyyy-mm-dd hh24:mi:ss'));
insert into KOTLYAROV_DM.tickets (id, id_doctor, id_speciality, closed, time_begin, time_end) values (224, 7, 2, 0, TO_DATE('2021-10-01 11:45:00', 'yyyy-mm-dd hh24:mi:ss'), TO_DATE('2021-10-01 12:00:00', 'yyyy-mm-dd hh24:mi:ss'));
insert into KOTLYAROV_DM.tickets (id, id_doctor, id_speciality, closed, time_begin, time_end) values (225, 7, 3, 0, TO_DATE('2021-10-01 12:00:00', 'yyyy-mm-dd hh24:mi:ss'), TO_DATE('2021-10-01 12:15:00', 'yyyy-mm-dd hh24:mi:ss'));
insert into KOTLYAROV_DM.tickets (id, id_doctor, id_speciality, closed, time_begin, time_end) values (226, 7, 4, 0, TO_DATE('2021-10-01 12:15:00', 'yyyy-mm-dd hh24:mi:ss'), TO_DATE('2021-10-01 12:30:00', 'yyyy-mm-dd hh24:mi:ss'));
insert into KOTLYAROV_DM.tickets (id, id_doctor, id_speciality, closed, time_begin, time_end) values (227, 7, 5, 1, TO_DATE('2021-10-01 12:30:00', 'yyyy-mm-dd hh24:mi:ss'), TO_DATE('2021-10-01 12:45:00', 'yyyy-mm-dd hh24:mi:ss'));
insert into KOTLYAROV_DM.tickets (id, id_doctor, id_speciality, closed, time_begin, time_end) values (228, 7, 6, 1, TO_DATE('2021-10-01 12:45:00', 'yyyy-mm-dd hh24:mi:ss'), TO_DATE('2021-10-01 13:00:00', 'yyyy-mm-dd hh24:mi:ss'));
insert into KOTLYAROV_DM.tickets (id, id_doctor, id_speciality, closed, time_begin, time_end) values (229, 7, 7, 0, TO_DATE('2021-10-01 13:00:00', 'yyyy-mm-dd hh24:mi:ss'), TO_DATE('2021-10-01 13:15:00', 'yyyy-mm-dd hh24:mi:ss'));
insert into KOTLYAROV_DM.tickets (id, id_doctor, id_speciality, closed, time_begin, time_end) values (230, 7, 8, 0, TO_DATE('2021-10-01 13:15:00', 'yyyy-mm-dd hh24:mi:ss'), TO_DATE('2021-10-01 13:30:00', 'yyyy-mm-dd hh24:mi:ss'));
insert into KOTLYAROV_DM.tickets (id, id_doctor, id_speciality, closed, time_begin, time_end) values (231, 7, 9, 0, TO_DATE('2021-10-01 13:30:00', 'yyyy-mm-dd hh24:mi:ss'), TO_DATE('2021-10-01 13:45:00', 'yyyy-mm-dd hh24:mi:ss'));
insert into KOTLYAROV_DM.tickets (id, id_doctor, id_speciality, closed, time_begin, time_end) values (232, 7, 10, 0, TO_DATE('2021-10-01 13:45:00', 'yyyy-mm-dd hh24:mi:ss'), TO_DATE('2021-10-01 14:00:00', 'yyyy-mm-dd hh24:mi:ss'));
insert into KOTLYAROV_DM.tickets (id, id_doctor, id_speciality, closed, time_begin, time_end) values (233, 7, 11, 1, TO_DATE('2021-10-01 14:00:00', 'yyyy-mm-dd hh24:mi:ss'), TO_DATE('2021-10-01 14:15:00', 'yyyy-mm-dd hh24:mi:ss'));
insert into KOTLYAROV_DM.tickets (id, id_doctor, id_speciality, closed, time_begin, time_end) values (234, 7, 12, 0, TO_DATE('2021-10-01 14:15:00', 'yyyy-mm-dd hh24:mi:ss'), TO_DATE('2021-10-01 14:30:00', 'yyyy-mm-dd hh24:mi:ss'));
insert into KOTLYAROV_DM.tickets (id, id_doctor, id_speciality, closed, time_begin, time_end) values (235, 7, 13, 0, TO_DATE('2021-10-01 14:30:00', 'yyyy-mm-dd hh24:mi:ss'), TO_DATE('2021-10-01 14:45:00', 'yyyy-mm-dd hh24:mi:ss'));
insert into KOTLYAROV_DM.tickets (id, id_doctor, id_speciality, closed, time_begin, time_end) values (236, 7, 14, 1, TO_DATE('2021-10-01 14:45:00', 'yyyy-mm-dd hh24:mi:ss'), TO_DATE('2021-10-01 15:00:00', 'yyyy-mm-dd hh24:mi:ss'));
insert into KOTLYAROV_DM.tickets (id, id_doctor, id_speciality, closed, time_begin, time_end) values (237, 7, 15, 0, TO_DATE('2021-10-01 15:00:00', 'yyyy-mm-dd hh24:mi:ss'), TO_DATE('2021-10-01 15:15:00', 'yyyy-mm-dd hh24:mi:ss'));
insert into KOTLYAROV_DM.tickets (id, id_doctor, id_speciality, closed, time_begin, time_end) values (238, 7, 16, 1, TO_DATE('2021-10-01 15:15:00', 'yyyy-mm-dd hh24:mi:ss'), TO_DATE('2021-10-01 15:30:00', 'yyyy-mm-dd hh24:mi:ss'));
insert into KOTLYAROV_DM.tickets (id, id_doctor, id_speciality, closed, time_begin, time_end) values (239, 7, 17, 0, TO_DATE('2021-10-01 15:30:00', 'yyyy-mm-dd hh24:mi:ss'), TO_DATE('2021-10-01 15:45:00', 'yyyy-mm-dd hh24:mi:ss'));
insert into KOTLYAROV_DM.tickets (id, id_doctor, id_speciality, closed, time_begin, time_end) values (240, 7, 18, 1, TO_DATE('2021-10-01 15:45:00', 'yyyy-mm-dd hh24:mi:ss'), TO_DATE('2021-10-01 16:00:00', 'yyyy-mm-dd hh24:mi:ss'));
insert into KOTLYAROV_DM.tickets (id, id_doctor, id_speciality, closed, time_begin, time_end) values (241, 7, 19, 0, TO_DATE('2021-10-01 16:00:00', 'yyyy-mm-dd hh24:mi:ss'), TO_DATE('2021-10-01 16:15:00', 'yyyy-mm-dd hh24:mi:ss'));
insert into KOTLYAROV_DM.tickets (id, id_doctor, id_speciality, closed, time_begin, time_end) values (242, 7, 20, 1, TO_DATE('2021-10-01 16:15:00', 'yyyy-mm-dd hh24:mi:ss'), TO_DATE('2021-10-01 16:30:00', 'yyyy-mm-dd hh24:mi:ss'));
insert into KOTLYAROV_DM.tickets (id, id_doctor, id_speciality, closed, time_begin, time_end) values (243, 7, 21, 0, TO_DATE('2021-10-01 16:30:00', 'yyyy-mm-dd hh24:mi:ss'), TO_DATE('2021-10-01 16:45:00', 'yyyy-mm-dd hh24:mi:ss'));
insert into KOTLYAROV_DM.tickets (id, id_doctor, id_speciality, closed, time_begin, time_end) values (244, 7, 22, 0, TO_DATE('2021-10-01 16:45:00', 'yyyy-mm-dd hh24:mi:ss'), TO_DATE('2021-10-01 17:00:00', 'yyyy-mm-dd hh24:mi:ss'));
insert into KOTLYAROV_DM.tickets (id, id_doctor, id_speciality, closed, time_begin, time_end) values (245, 7, 23, 1, TO_DATE('2021-10-01 17:00:00', 'yyyy-mm-dd hh24:mi:ss'), TO_DATE('2021-10-01 17:15:00', 'yyyy-mm-dd hh24:mi:ss'));
insert into KOTLYAROV_DM.tickets (id, id_doctor, id_speciality, closed, time_begin, time_end) values (246, 7, 24, 1, TO_DATE('2021-10-01 17:15:00', 'yyyy-mm-dd hh24:mi:ss'), TO_DATE('2021-10-01 17:30:00', 'yyyy-mm-dd hh24:mi:ss'));
insert into KOTLYAROV_DM.tickets (id, id_doctor, id_speciality, closed, time_begin, time_end) values (247, 7, 25, 0, TO_DATE('2021-10-01 17:30:00', 'yyyy-mm-dd hh24:mi:ss'), TO_DATE('2021-10-01 17:45:00', 'yyyy-mm-dd hh24:mi:ss'));
insert into KOTLYAROV_DM.tickets (id, id_doctor, id_speciality, closed, time_begin, time_end) values (248, 7, 26, 0, TO_DATE('2021-10-01 17:45:00', 'yyyy-mm-dd hh24:mi:ss'), TO_DATE('2021-10-01 18:00:00', 'yyyy-mm-dd hh24:mi:ss'));
insert into KOTLYAROV_DM.tickets (id, id_doctor, id_speciality, closed, time_begin, time_end) values (249, 7, 27, 0, TO_DATE('2021-10-01 18:00:00', 'yyyy-mm-dd hh24:mi:ss'), TO_DATE('2021-10-01 18:15:00', 'yyyy-mm-dd hh24:mi:ss'));
insert into KOTLYAROV_DM.tickets (id, id_doctor, id_speciality, closed, time_begin, time_end) values (250, 7, 28, 0, TO_DATE('2021-10-01 18:15:00', 'yyyy-mm-dd hh24:mi:ss'), TO_DATE('2021-10-01 18:30:00', 'yyyy-mm-dd hh24:mi:ss'));
insert into KOTLYAROV_DM.tickets (id, id_doctor, id_speciality, closed, time_begin, time_end) values (251, 7, 1, 1, TO_DATE('2021-10-01 18:30:00', 'yyyy-mm-dd hh24:mi:ss'), TO_DATE('2021-10-01 18:45:00', 'yyyy-mm-dd hh24:mi:ss'));
insert into KOTLYAROV_DM.tickets (id, id_doctor, id_speciality, closed, time_begin, time_end) values (252, 7, 2, 1, TO_DATE('2021-10-01 18:45:00', 'yyyy-mm-dd hh24:mi:ss'), TO_DATE('2021-10-01 19:00:00', 'yyyy-mm-dd hh24:mi:ss'));
insert into KOTLYAROV_DM.tickets (id, id_doctor, id_speciality, closed, time_begin, time_end) values (253, 8, 3, 0, TO_DATE('2021-10-01 10:00:00', 'yyyy-mm-dd hh24:mi:ss'), TO_DATE('2021-10-01 10:15:00', 'yyyy-mm-dd hh24:mi:ss'));
insert into KOTLYAROV_DM.tickets (id, id_doctor, id_speciality, closed, time_begin, time_end) values (254, 8, 4, 1, TO_DATE('2021-10-01 10:15:00', 'yyyy-mm-dd hh24:mi:ss'), TO_DATE('2021-10-01 10:30:00', 'yyyy-mm-dd hh24:mi:ss'));
insert into KOTLYAROV_DM.tickets (id, id_doctor, id_speciality, closed, time_begin, time_end) values (255, 8, 5, 1, TO_DATE('2021-10-01 10:30:00', 'yyyy-mm-dd hh24:mi:ss'), TO_DATE('2021-10-01 10:45:00', 'yyyy-mm-dd hh24:mi:ss'));
insert into KOTLYAROV_DM.tickets (id, id_doctor, id_speciality, closed, time_begin, time_end) values (256, 8, 6, 1, TO_DATE('2021-10-01 10:45:00', 'yyyy-mm-dd hh24:mi:ss'), TO_DATE('2021-10-01 11:00:00', 'yyyy-mm-dd hh24:mi:ss'));
insert into KOTLYAROV_DM.tickets (id, id_doctor, id_speciality, closed, time_begin, time_end) values (257, 8, 7, 0, TO_DATE('2021-10-01 11:00:00', 'yyyy-mm-dd hh24:mi:ss'), TO_DATE('2021-10-01 11:15:00', 'yyyy-mm-dd hh24:mi:ss'));
insert into KOTLYAROV_DM.tickets (id, id_doctor, id_speciality, closed, time_begin, time_end) values (258, 8, 8, 1, TO_DATE('2021-10-01 11:15:00', 'yyyy-mm-dd hh24:mi:ss'), TO_DATE('2021-10-01 11:30:00', 'yyyy-mm-dd hh24:mi:ss'));
insert into KOTLYAROV_DM.tickets (id, id_doctor, id_speciality, closed, time_begin, time_end) values (259, 8, 9, 0, TO_DATE('2021-10-01 11:30:00', 'yyyy-mm-dd hh24:mi:ss'), TO_DATE('2021-10-01 11:45:00', 'yyyy-mm-dd hh24:mi:ss'));
insert into KOTLYAROV_DM.tickets (id, id_doctor, id_speciality, closed, time_begin, time_end) values (260, 8, 10, 0, TO_DATE('2021-10-01 11:45:00', 'yyyy-mm-dd hh24:mi:ss'), TO_DATE('2021-10-01 12:00:00', 'yyyy-mm-dd hh24:mi:ss'));
insert into KOTLYAROV_DM.tickets (id, id_doctor, id_speciality, closed, time_begin, time_end) values (261, 8, 11, 0, TO_DATE('2021-10-01 12:00:00', 'yyyy-mm-dd hh24:mi:ss'), TO_DATE('2021-10-01 12:15:00', 'yyyy-mm-dd hh24:mi:ss'));
insert into KOTLYAROV_DM.tickets (id, id_doctor, id_speciality, closed, time_begin, time_end) values (262, 8, 12, 1, TO_DATE('2021-10-01 12:15:00', 'yyyy-mm-dd hh24:mi:ss'), TO_DATE('2021-10-01 12:30:00', 'yyyy-mm-dd hh24:mi:ss'));
insert into KOTLYAROV_DM.tickets (id, id_doctor, id_speciality, closed, time_begin, time_end) values (263, 8, 13, 0, TO_DATE('2021-10-01 12:30:00', 'yyyy-mm-dd hh24:mi:ss'), TO_DATE('2021-10-01 12:45:00', 'yyyy-mm-dd hh24:mi:ss'));
insert into KOTLYAROV_DM.tickets (id, id_doctor, id_speciality, closed, time_begin, time_end) values (264, 8, 14, 1, TO_DATE('2021-10-01 12:45:00', 'yyyy-mm-dd hh24:mi:ss'), TO_DATE('2021-10-01 13:00:00', 'yyyy-mm-dd hh24:mi:ss'));
insert into KOTLYAROV_DM.tickets (id, id_doctor, id_speciality, closed, time_begin, time_end) values (265, 8, 15, 1, TO_DATE('2021-10-01 13:00:00', 'yyyy-mm-dd hh24:mi:ss'), TO_DATE('2021-10-01 13:15:00', 'yyyy-mm-dd hh24:mi:ss'));
insert into KOTLYAROV_DM.tickets (id, id_doctor, id_speciality, closed, time_begin, time_end) values (266, 8, 16, 1, TO_DATE('2021-10-01 13:15:00', 'yyyy-mm-dd hh24:mi:ss'), TO_DATE('2021-10-01 13:30:00', 'yyyy-mm-dd hh24:mi:ss'));
insert into KOTLYAROV_DM.tickets (id, id_doctor, id_speciality, closed, time_begin, time_end) values (267, 8, 17, 1, TO_DATE('2021-10-01 13:30:00', 'yyyy-mm-dd hh24:mi:ss'), TO_DATE('2021-10-01 13:45:00', 'yyyy-mm-dd hh24:mi:ss'));
insert into KOTLYAROV_DM.tickets (id, id_doctor, id_speciality, closed, time_begin, time_end) values (268, 8, 18, 0, TO_DATE('2021-10-01 13:45:00', 'yyyy-mm-dd hh24:mi:ss'), TO_DATE('2021-10-01 14:00:00', 'yyyy-mm-dd hh24:mi:ss'));
insert into KOTLYAROV_DM.tickets (id, id_doctor, id_speciality, closed, time_begin, time_end) values (269, 8, 19, 0, TO_DATE('2021-10-01 14:00:00', 'yyyy-mm-dd hh24:mi:ss'), TO_DATE('2021-10-01 14:15:00', 'yyyy-mm-dd hh24:mi:ss'));
insert into KOTLYAROV_DM.tickets (id, id_doctor, id_speciality, closed, time_begin, time_end) values (270, 8, 20, 0, TO_DATE('2021-10-01 14:15:00', 'yyyy-mm-dd hh24:mi:ss'), TO_DATE('2021-10-01 14:30:00', 'yyyy-mm-dd hh24:mi:ss'));
insert into KOTLYAROV_DM.tickets (id, id_doctor, id_speciality, closed, time_begin, time_end) values (271, 8, 21, 1, TO_DATE('2021-10-01 14:30:00', 'yyyy-mm-dd hh24:mi:ss'), TO_DATE('2021-10-01 14:45:00', 'yyyy-mm-dd hh24:mi:ss'));
insert into KOTLYAROV_DM.tickets (id, id_doctor, id_speciality, closed, time_begin, time_end) values (272, 8, 22, 1, TO_DATE('2021-10-01 14:45:00', 'yyyy-mm-dd hh24:mi:ss'), TO_DATE('2021-10-01 15:00:00', 'yyyy-mm-dd hh24:mi:ss'));
insert into KOTLYAROV_DM.tickets (id, id_doctor, id_speciality, closed, time_begin, time_end) values (273, 8, 23, 0, TO_DATE('2021-10-01 15:00:00', 'yyyy-mm-dd hh24:mi:ss'), TO_DATE('2021-10-01 15:15:00', 'yyyy-mm-dd hh24:mi:ss'));
insert into KOTLYAROV_DM.tickets (id, id_doctor, id_speciality, closed, time_begin, time_end) values (274, 8, 24, 1, TO_DATE('2021-10-01 15:15:00', 'yyyy-mm-dd hh24:mi:ss'), TO_DATE('2021-10-01 15:30:00', 'yyyy-mm-dd hh24:mi:ss'));
insert into KOTLYAROV_DM.tickets (id, id_doctor, id_speciality, closed, time_begin, time_end) values (275, 8, 25, 0, TO_DATE('2021-10-01 15:30:00', 'yyyy-mm-dd hh24:mi:ss'), TO_DATE('2021-10-01 15:45:00', 'yyyy-mm-dd hh24:mi:ss'));
insert into KOTLYAROV_DM.tickets (id, id_doctor, id_speciality, closed, time_begin, time_end) values (276, 8, 26, 0, TO_DATE('2021-10-01 15:45:00', 'yyyy-mm-dd hh24:mi:ss'), TO_DATE('2021-10-01 16:00:00', 'yyyy-mm-dd hh24:mi:ss'));
insert into KOTLYAROV_DM.tickets (id, id_doctor, id_speciality, closed, time_begin, time_end) values (277, 8, 27, 0, TO_DATE('2021-10-01 16:00:00', 'yyyy-mm-dd hh24:mi:ss'), TO_DATE('2021-10-01 16:15:00', 'yyyy-mm-dd hh24:mi:ss'));
insert into KOTLYAROV_DM.tickets (id, id_doctor, id_speciality, closed, time_begin, time_end) values (278, 8, 28, 1, TO_DATE('2021-10-01 16:15:00', 'yyyy-mm-dd hh24:mi:ss'), TO_DATE('2021-10-01 16:30:00', 'yyyy-mm-dd hh24:mi:ss'));
insert into KOTLYAROV_DM.tickets (id, id_doctor, id_speciality, closed, time_begin, time_end) values (279, 8, 1, 1, TO_DATE('2021-10-01 16:30:00', 'yyyy-mm-dd hh24:mi:ss'), TO_DATE('2021-10-01 16:45:00', 'yyyy-mm-dd hh24:mi:ss'));
insert into KOTLYAROV_DM.tickets (id, id_doctor, id_speciality, closed, time_begin, time_end) values (280, 8, 2, 1, TO_DATE('2021-10-01 16:45:00', 'yyyy-mm-dd hh24:mi:ss'), TO_DATE('2021-10-01 17:00:00', 'yyyy-mm-dd hh24:mi:ss'));
insert into KOTLYAROV_DM.tickets (id, id_doctor, id_speciality, closed, time_begin, time_end) values (281, 8, 3, 0, TO_DATE('2021-10-01 17:00:00', 'yyyy-mm-dd hh24:mi:ss'), TO_DATE('2021-10-01 17:15:00', 'yyyy-mm-dd hh24:mi:ss'));
insert into KOTLYAROV_DM.tickets (id, id_doctor, id_speciality, closed, time_begin, time_end) values (282, 8, 4, 0, TO_DATE('2021-10-01 17:15:00', 'yyyy-mm-dd hh24:mi:ss'), TO_DATE('2021-10-01 17:30:00', 'yyyy-mm-dd hh24:mi:ss'));
insert into KOTLYAROV_DM.tickets (id, id_doctor, id_speciality, closed, time_begin, time_end) values (283, 8, 5, 1, TO_DATE('2021-10-01 17:30:00', 'yyyy-mm-dd hh24:mi:ss'), TO_DATE('2021-10-01 17:45:00', 'yyyy-mm-dd hh24:mi:ss'));
insert into KOTLYAROV_DM.tickets (id, id_doctor, id_speciality, closed, time_begin, time_end) values (284, 8, 6, 1, TO_DATE('2021-10-01 17:45:00', 'yyyy-mm-dd hh24:mi:ss'), TO_DATE('2021-10-01 18:00:00', 'yyyy-mm-dd hh24:mi:ss'));
insert into KOTLYAROV_DM.tickets (id, id_doctor, id_speciality, closed, time_begin, time_end) values (285, 8, 7, 0, TO_DATE('2021-10-01 18:00:00', 'yyyy-mm-dd hh24:mi:ss'), TO_DATE('2021-10-01 18:15:00', 'yyyy-mm-dd hh24:mi:ss'));
insert into KOTLYAROV_DM.tickets (id, id_doctor, id_speciality, closed, time_begin, time_end) values (286, 8, 8, 1, TO_DATE('2021-10-01 18:15:00', 'yyyy-mm-dd hh24:mi:ss'), TO_DATE('2021-10-01 18:30:00', 'yyyy-mm-dd hh24:mi:ss'));
insert into KOTLYAROV_DM.tickets (id, id_doctor, id_speciality, closed, time_begin, time_end) values (287, 8, 9, 0, TO_DATE('2021-10-01 18:30:00', 'yyyy-mm-dd hh24:mi:ss'), TO_DATE('2021-10-01 18:45:00', 'yyyy-mm-dd hh24:mi:ss'));
insert into KOTLYAROV_DM.tickets (id, id_doctor, id_speciality, closed, time_begin, time_end) values (288, 8, 10, 1, TO_DATE('2021-10-01 18:45:00', 'yyyy-mm-dd hh24:mi:ss'), TO_DATE('2021-10-01 19:00:00', 'yyyy-mm-dd hh24:mi:ss'));
insert into KOTLYAROV_DM.tickets (id, id_doctor, id_speciality, closed, time_begin, time_end) values (289, 9, 11, 0, TO_DATE('2021-10-01 10:00:00', 'yyyy-mm-dd hh24:mi:ss'), TO_DATE('2021-10-01 10:15:00', 'yyyy-mm-dd hh24:mi:ss'));
insert into KOTLYAROV_DM.tickets (id, id_doctor, id_speciality, closed, time_begin, time_end) values (290, 9, 12, 1, TO_DATE('2021-10-01 10:15:00', 'yyyy-mm-dd hh24:mi:ss'), TO_DATE('2021-10-01 10:30:00', 'yyyy-mm-dd hh24:mi:ss'));
insert into KOTLYAROV_DM.tickets (id, id_doctor, id_speciality, closed, time_begin, time_end) values (291, 9, 13, 1, TO_DATE('2021-10-01 10:30:00', 'yyyy-mm-dd hh24:mi:ss'), TO_DATE('2021-10-01 10:45:00', 'yyyy-mm-dd hh24:mi:ss'));
insert into KOTLYAROV_DM.tickets (id, id_doctor, id_speciality, closed, time_begin, time_end) values (292, 9, 14, 1, TO_DATE('2021-10-01 10:45:00', 'yyyy-mm-dd hh24:mi:ss'), TO_DATE('2021-10-01 11:00:00', 'yyyy-mm-dd hh24:mi:ss'));
insert into KOTLYAROV_DM.tickets (id, id_doctor, id_speciality, closed, time_begin, time_end) values (293, 9, 15, 0, TO_DATE('2021-10-01 11:00:00', 'yyyy-mm-dd hh24:mi:ss'), TO_DATE('2021-10-01 11:15:00', 'yyyy-mm-dd hh24:mi:ss'));
insert into KOTLYAROV_DM.tickets (id, id_doctor, id_speciality, closed, time_begin, time_end) values (294, 9, 16, 0, TO_DATE('2021-10-01 11:15:00', 'yyyy-mm-dd hh24:mi:ss'), TO_DATE('2021-10-01 11:30:00', 'yyyy-mm-dd hh24:mi:ss'));
insert into KOTLYAROV_DM.tickets (id, id_doctor, id_speciality, closed, time_begin, time_end) values (295, 9, 17, 0, TO_DATE('2021-10-01 11:30:00', 'yyyy-mm-dd hh24:mi:ss'), TO_DATE('2021-10-01 11:45:00', 'yyyy-mm-dd hh24:mi:ss'));
insert into KOTLYAROV_DM.tickets (id, id_doctor, id_speciality, closed, time_begin, time_end) values (296, 9, 18, 1, TO_DATE('2021-10-01 11:45:00', 'yyyy-mm-dd hh24:mi:ss'), TO_DATE('2021-10-01 12:00:00', 'yyyy-mm-dd hh24:mi:ss'));
insert into KOTLYAROV_DM.tickets (id, id_doctor, id_speciality, closed, time_begin, time_end) values (297, 9, 19, 0, TO_DATE('2021-10-01 12:00:00', 'yyyy-mm-dd hh24:mi:ss'), TO_DATE('2021-10-01 12:15:00', 'yyyy-mm-dd hh24:mi:ss'));
insert into KOTLYAROV_DM.tickets (id, id_doctor, id_speciality, closed, time_begin, time_end) values (298, 9, 20, 1, TO_DATE('2021-10-01 12:15:00', 'yyyy-mm-dd hh24:mi:ss'), TO_DATE('2021-10-01 12:30:00', 'yyyy-mm-dd hh24:mi:ss'));
insert into KOTLYAROV_DM.tickets (id, id_doctor, id_speciality, closed, time_begin, time_end) values (299, 9, 21, 0, TO_DATE('2021-10-01 12:30:00', 'yyyy-mm-dd hh24:mi:ss'), TO_DATE('2021-10-01 12:45:00', 'yyyy-mm-dd hh24:mi:ss'));
insert into KOTLYAROV_DM.tickets (id, id_doctor, id_speciality, closed, time_begin, time_end) values (300, 9, 22, 1, TO_DATE('2021-10-01 12:45:00', 'yyyy-mm-dd hh24:mi:ss'), TO_DATE('2021-10-01 13:00:00', 'yyyy-mm-dd hh24:mi:ss'));
insert into KOTLYAROV_DM.tickets (id, id_doctor, id_speciality, closed, time_begin, time_end) values (301, 9, 23, 0, TO_DATE('2021-10-01 13:00:00', 'yyyy-mm-dd hh24:mi:ss'), TO_DATE('2021-10-01 13:15:00', 'yyyy-mm-dd hh24:mi:ss'));
insert into KOTLYAROV_DM.tickets (id, id_doctor, id_speciality, closed, time_begin, time_end) values (302, 9, 24, 0, TO_DATE('2021-10-01 13:15:00', 'yyyy-mm-dd hh24:mi:ss'), TO_DATE('2021-10-01 13:30:00', 'yyyy-mm-dd hh24:mi:ss'));
insert into KOTLYAROV_DM.tickets (id, id_doctor, id_speciality, closed, time_begin, time_end) values (303, 9, 25, 0, TO_DATE('2021-10-01 13:30:00', 'yyyy-mm-dd hh24:mi:ss'), TO_DATE('2021-10-01 13:45:00', 'yyyy-mm-dd hh24:mi:ss'));
insert into KOTLYAROV_DM.tickets (id, id_doctor, id_speciality, closed, time_begin, time_end) values (304, 9, 26, 1, TO_DATE('2021-10-01 13:45:00', 'yyyy-mm-dd hh24:mi:ss'), TO_DATE('2021-10-01 14:00:00', 'yyyy-mm-dd hh24:mi:ss'));
insert into KOTLYAROV_DM.tickets (id, id_doctor, id_speciality, closed, time_begin, time_end) values (305, 9, 27, 0, TO_DATE('2021-10-01 14:00:00', 'yyyy-mm-dd hh24:mi:ss'), TO_DATE('2021-10-01 14:15:00', 'yyyy-mm-dd hh24:mi:ss'));
insert into KOTLYAROV_DM.tickets (id, id_doctor, id_speciality, closed, time_begin, time_end) values (306, 9, 28, 1, TO_DATE('2021-10-01 14:15:00', 'yyyy-mm-dd hh24:mi:ss'), TO_DATE('2021-10-01 14:30:00', 'yyyy-mm-dd hh24:mi:ss'));
insert into KOTLYAROV_DM.tickets (id, id_doctor, id_speciality, closed, time_begin, time_end) values (307, 9, 1, 0, TO_DATE('2021-10-01 14:30:00', 'yyyy-mm-dd hh24:mi:ss'), TO_DATE('2021-10-01 14:45:00', 'yyyy-mm-dd hh24:mi:ss'));
insert into KOTLYAROV_DM.tickets (id, id_doctor, id_speciality, closed, time_begin, time_end) values (308, 9, 2, 1, TO_DATE('2021-10-01 14:45:00', 'yyyy-mm-dd hh24:mi:ss'), TO_DATE('2021-10-01 15:00:00', 'yyyy-mm-dd hh24:mi:ss'));
insert into KOTLYAROV_DM.tickets (id, id_doctor, id_speciality, closed, time_begin, time_end) values (309, 9, 3, 1, TO_DATE('2021-10-01 15:00:00', 'yyyy-mm-dd hh24:mi:ss'), TO_DATE('2021-10-01 15:15:00', 'yyyy-mm-dd hh24:mi:ss'));
insert into KOTLYAROV_DM.tickets (id, id_doctor, id_speciality, closed, time_begin, time_end) values (310, 9, 4, 0, TO_DATE('2021-10-01 15:15:00', 'yyyy-mm-dd hh24:mi:ss'), TO_DATE('2021-10-01 15:30:00', 'yyyy-mm-dd hh24:mi:ss'));
insert into KOTLYAROV_DM.tickets (id, id_doctor, id_speciality, closed, time_begin, time_end) values (311, 9, 5, 0, TO_DATE('2021-10-01 15:30:00', 'yyyy-mm-dd hh24:mi:ss'), TO_DATE('2021-10-01 15:45:00', 'yyyy-mm-dd hh24:mi:ss'));
insert into KOTLYAROV_DM.tickets (id, id_doctor, id_speciality, closed, time_begin, time_end) values (312, 9, 6, 1, TO_DATE('2021-10-01 15:45:00', 'yyyy-mm-dd hh24:mi:ss'), TO_DATE('2021-10-01 16:00:00', 'yyyy-mm-dd hh24:mi:ss'));
insert into KOTLYAROV_DM.tickets (id, id_doctor, id_speciality, closed, time_begin, time_end) values (313, 9, 7, 0, TO_DATE('2021-10-01 16:00:00', 'yyyy-mm-dd hh24:mi:ss'), TO_DATE('2021-10-01 16:15:00', 'yyyy-mm-dd hh24:mi:ss'));
insert into KOTLYAROV_DM.tickets (id, id_doctor, id_speciality, closed, time_begin, time_end) values (314, 9, 8, 0, TO_DATE('2021-10-01 16:15:00', 'yyyy-mm-dd hh24:mi:ss'), TO_DATE('2021-10-01 16:30:00', 'yyyy-mm-dd hh24:mi:ss'));
insert into KOTLYAROV_DM.tickets (id, id_doctor, id_speciality, closed, time_begin, time_end) values (315, 9, 9, 0, TO_DATE('2021-10-01 16:30:00', 'yyyy-mm-dd hh24:mi:ss'), TO_DATE('2021-10-01 16:45:00', 'yyyy-mm-dd hh24:mi:ss'));
insert into KOTLYAROV_DM.tickets (id, id_doctor, id_speciality, closed, time_begin, time_end) values (316, 9, 10, 1, TO_DATE('2021-10-01 16:45:00', 'yyyy-mm-dd hh24:mi:ss'), TO_DATE('2021-10-01 17:00:00', 'yyyy-mm-dd hh24:mi:ss'));
insert into KOTLYAROV_DM.tickets (id, id_doctor, id_speciality, closed, time_begin, time_end) values (317, 9, 11, 0, TO_DATE('2021-10-01 17:00:00', 'yyyy-mm-dd hh24:mi:ss'), TO_DATE('2021-10-01 17:15:00', 'yyyy-mm-dd hh24:mi:ss'));
insert into KOTLYAROV_DM.tickets (id, id_doctor, id_speciality, closed, time_begin, time_end) values (318, 9, 12, 1, TO_DATE('2021-10-01 17:15:00', 'yyyy-mm-dd hh24:mi:ss'), TO_DATE('2021-10-01 17:30:00', 'yyyy-mm-dd hh24:mi:ss'));
insert into KOTLYAROV_DM.tickets (id, id_doctor, id_speciality, closed, time_begin, time_end) values (319, 9, 13, 1, TO_DATE('2021-10-01 17:30:00', 'yyyy-mm-dd hh24:mi:ss'), TO_DATE('2021-10-01 17:45:00', 'yyyy-mm-dd hh24:mi:ss'));
insert into KOTLYAROV_DM.tickets (id, id_doctor, id_speciality, closed, time_begin, time_end) values (320, 9, 14, 1, TO_DATE('2021-10-01 17:45:00', 'yyyy-mm-dd hh24:mi:ss'), TO_DATE('2021-10-01 18:00:00', 'yyyy-mm-dd hh24:mi:ss'));
insert into KOTLYAROV_DM.tickets (id, id_doctor, id_speciality, closed, time_begin, time_end) values (321, 9, 15, 0, TO_DATE('2021-10-01 18:00:00', 'yyyy-mm-dd hh24:mi:ss'), TO_DATE('2021-10-01 18:15:00', 'yyyy-mm-dd hh24:mi:ss'));
insert into KOTLYAROV_DM.tickets (id, id_doctor, id_speciality, closed, time_begin, time_end) values (322, 9, 16, 1, TO_DATE('2021-10-01 18:15:00', 'yyyy-mm-dd hh24:mi:ss'), TO_DATE('2021-10-01 18:30:00', 'yyyy-mm-dd hh24:mi:ss'));
insert into KOTLYAROV_DM.tickets (id, id_doctor, id_speciality, closed, time_begin, time_end) values (323, 9, 17, 1, TO_DATE('2021-10-01 18:30:00', 'yyyy-mm-dd hh24:mi:ss'), TO_DATE('2021-10-01 18:45:00', 'yyyy-mm-dd hh24:mi:ss'));
insert into KOTLYAROV_DM.tickets (id, id_doctor, id_speciality, closed, time_begin, time_end) values (324, 9, 18, 0, TO_DATE('2021-10-01 18:45:00', 'yyyy-mm-dd hh24:mi:ss'), TO_DATE('2021-10-01 19:00:00', 'yyyy-mm-dd hh24:mi:ss'));
insert into KOTLYAROV_DM.tickets (id, id_doctor, id_speciality, closed, time_begin, time_end) values (325, 10, 19, 0, TO_DATE('2021-10-01 10:00:00', 'yyyy-mm-dd hh24:mi:ss'), TO_DATE('2021-10-01 10:15:00', 'yyyy-mm-dd hh24:mi:ss'));
insert into KOTLYAROV_DM.tickets (id, id_doctor, id_speciality, closed, time_begin, time_end) values (326, 10, 20, 0, TO_DATE('2021-10-01 10:15:00', 'yyyy-mm-dd hh24:mi:ss'), TO_DATE('2021-10-01 10:30:00', 'yyyy-mm-dd hh24:mi:ss'));
insert into KOTLYAROV_DM.tickets (id, id_doctor, id_speciality, closed, time_begin, time_end) values (327, 10, 21, 1, TO_DATE('2021-10-01 10:30:00', 'yyyy-mm-dd hh24:mi:ss'), TO_DATE('2021-10-01 10:45:00', 'yyyy-mm-dd hh24:mi:ss'));
insert into KOTLYAROV_DM.tickets (id, id_doctor, id_speciality, closed, time_begin, time_end) values (328, 10, 22, 0, TO_DATE('2021-10-01 10:45:00', 'yyyy-mm-dd hh24:mi:ss'), TO_DATE('2021-10-01 11:00:00', 'yyyy-mm-dd hh24:mi:ss'));
insert into KOTLYAROV_DM.tickets (id, id_doctor, id_speciality, closed, time_begin, time_end) values (329, 10, 23, 0, TO_DATE('2021-10-01 11:00:00', 'yyyy-mm-dd hh24:mi:ss'), TO_DATE('2021-10-01 11:15:00', 'yyyy-mm-dd hh24:mi:ss'));
insert into KOTLYAROV_DM.tickets (id, id_doctor, id_speciality, closed, time_begin, time_end) values (330, 10, 24, 1, TO_DATE('2021-10-01 11:15:00', 'yyyy-mm-dd hh24:mi:ss'), TO_DATE('2021-10-01 11:30:00', 'yyyy-mm-dd hh24:mi:ss'));
insert into KOTLYAROV_DM.tickets (id, id_doctor, id_speciality, closed, time_begin, time_end) values (331, 10, 25, 0, TO_DATE('2021-10-01 11:30:00', 'yyyy-mm-dd hh24:mi:ss'), TO_DATE('2021-10-01 11:45:00', 'yyyy-mm-dd hh24:mi:ss'));
insert into KOTLYAROV_DM.tickets (id, id_doctor, id_speciality, closed, time_begin, time_end) values (332, 10, 26, 1, TO_DATE('2021-10-01 11:45:00', 'yyyy-mm-dd hh24:mi:ss'), TO_DATE('2021-10-01 12:00:00', 'yyyy-mm-dd hh24:mi:ss'));
insert into KOTLYAROV_DM.tickets (id, id_doctor, id_speciality, closed, time_begin, time_end) values (333, 10, 27, 0, TO_DATE('2021-10-01 12:00:00', 'yyyy-mm-dd hh24:mi:ss'), TO_DATE('2021-10-01 12:15:00', 'yyyy-mm-dd hh24:mi:ss'));
insert into KOTLYAROV_DM.tickets (id, id_doctor, id_speciality, closed, time_begin, time_end) values (334, 10, 28, 1, TO_DATE('2021-10-01 12:15:00', 'yyyy-mm-dd hh24:mi:ss'), TO_DATE('2021-10-01 12:30:00', 'yyyy-mm-dd hh24:mi:ss'));
insert into KOTLYAROV_DM.tickets (id, id_doctor, id_speciality, closed, time_begin, time_end) values (335, 10, 1, 1, TO_DATE('2021-10-01 12:30:00', 'yyyy-mm-dd hh24:mi:ss'), TO_DATE('2021-10-01 12:45:00', 'yyyy-mm-dd hh24:mi:ss'));
insert into KOTLYAROV_DM.tickets (id, id_doctor, id_speciality, closed, time_begin, time_end) values (336, 10, 2, 1, TO_DATE('2021-10-01 12:45:00', 'yyyy-mm-dd hh24:mi:ss'), TO_DATE('2021-10-01 13:00:00', 'yyyy-mm-dd hh24:mi:ss'));
insert into KOTLYAROV_DM.tickets (id, id_doctor, id_speciality, closed, time_begin, time_end) values (337, 10, 3, 0, TO_DATE('2021-10-01 13:00:00', 'yyyy-mm-dd hh24:mi:ss'), TO_DATE('2021-10-01 13:15:00', 'yyyy-mm-dd hh24:mi:ss'));
insert into KOTLYAROV_DM.tickets (id, id_doctor, id_speciality, closed, time_begin, time_end) values (338, 10, 4, 0, TO_DATE('2021-10-01 13:15:00', 'yyyy-mm-dd hh24:mi:ss'), TO_DATE('2021-10-01 13:30:00', 'yyyy-mm-dd hh24:mi:ss'));
insert into KOTLYAROV_DM.tickets (id, id_doctor, id_speciality, closed, time_begin, time_end) values (339, 10, 5, 1, TO_DATE('2021-10-01 13:30:00', 'yyyy-mm-dd hh24:mi:ss'), TO_DATE('2021-10-01 13:45:00', 'yyyy-mm-dd hh24:mi:ss'));
insert into KOTLYAROV_DM.tickets (id, id_doctor, id_speciality, closed, time_begin, time_end) values (340, 10, 6, 1, TO_DATE('2021-10-01 13:45:00', 'yyyy-mm-dd hh24:mi:ss'), TO_DATE('2021-10-01 14:00:00', 'yyyy-mm-dd hh24:mi:ss'));
insert into KOTLYAROV_DM.tickets (id, id_doctor, id_speciality, closed, time_begin, time_end) values (341, 10, 7, 0, TO_DATE('2021-10-01 14:00:00', 'yyyy-mm-dd hh24:mi:ss'), TO_DATE('2021-10-01 14:15:00', 'yyyy-mm-dd hh24:mi:ss'));
insert into KOTLYAROV_DM.tickets (id, id_doctor, id_speciality, closed, time_begin, time_end) values (342, 10, 8, 0, TO_DATE('2021-10-01 14:15:00', 'yyyy-mm-dd hh24:mi:ss'), TO_DATE('2021-10-01 14:30:00', 'yyyy-mm-dd hh24:mi:ss'));
insert into KOTLYAROV_DM.tickets (id, id_doctor, id_speciality, closed, time_begin, time_end) values (343, 10, 9, 0, TO_DATE('2021-10-01 14:30:00', 'yyyy-mm-dd hh24:mi:ss'), TO_DATE('2021-10-01 14:45:00', 'yyyy-mm-dd hh24:mi:ss'));
insert into KOTLYAROV_DM.tickets (id, id_doctor, id_speciality, closed, time_begin, time_end) values (344, 10, 10, 0, TO_DATE('2021-10-01 14:45:00', 'yyyy-mm-dd hh24:mi:ss'), TO_DATE('2021-10-01 15:00:00', 'yyyy-mm-dd hh24:mi:ss'));
insert into KOTLYAROV_DM.tickets (id, id_doctor, id_speciality, closed, time_begin, time_end) values (345, 10, 11, 0, TO_DATE('2021-10-01 15:00:00', 'yyyy-mm-dd hh24:mi:ss'), TO_DATE('2021-10-01 15:15:00', 'yyyy-mm-dd hh24:mi:ss'));
insert into KOTLYAROV_DM.tickets (id, id_doctor, id_speciality, closed, time_begin, time_end) values (346, 10, 12, 0, TO_DATE('2021-10-01 15:15:00', 'yyyy-mm-dd hh24:mi:ss'), TO_DATE('2021-10-01 15:30:00', 'yyyy-mm-dd hh24:mi:ss'));
insert into KOTLYAROV_DM.tickets (id, id_doctor, id_speciality, closed, time_begin, time_end) values (347, 10, 13, 1, TO_DATE('2021-10-01 15:30:00', 'yyyy-mm-dd hh24:mi:ss'), TO_DATE('2021-10-01 15:45:00', 'yyyy-mm-dd hh24:mi:ss'));
insert into KOTLYAROV_DM.tickets (id, id_doctor, id_speciality, closed, time_begin, time_end) values (348, 10, 14, 0, TO_DATE('2021-10-01 15:45:00', 'yyyy-mm-dd hh24:mi:ss'), TO_DATE('2021-10-01 16:00:00', 'yyyy-mm-dd hh24:mi:ss'));
insert into KOTLYAROV_DM.tickets (id, id_doctor, id_speciality, closed, time_begin, time_end) values (349, 10, 15, 0, TO_DATE('2021-10-01 16:00:00', 'yyyy-mm-dd hh24:mi:ss'), TO_DATE('2021-10-01 16:15:00', 'yyyy-mm-dd hh24:mi:ss'));
insert into KOTLYAROV_DM.tickets (id, id_doctor, id_speciality, closed, time_begin, time_end) values (350, 10, 16, 0, TO_DATE('2021-10-01 16:15:00', 'yyyy-mm-dd hh24:mi:ss'), TO_DATE('2021-10-01 16:30:00', 'yyyy-mm-dd hh24:mi:ss'));
insert into KOTLYAROV_DM.tickets (id, id_doctor, id_speciality, closed, time_begin, time_end) values (351, 10, 17, 0, TO_DATE('2021-10-01 16:30:00', 'yyyy-mm-dd hh24:mi:ss'), TO_DATE('2021-10-01 16:45:00', 'yyyy-mm-dd hh24:mi:ss'));
insert into KOTLYAROV_DM.tickets (id, id_doctor, id_speciality, closed, time_begin, time_end) values (352, 10, 18, 0, TO_DATE('2021-10-01 16:45:00', 'yyyy-mm-dd hh24:mi:ss'), TO_DATE('2021-10-01 17:00:00', 'yyyy-mm-dd hh24:mi:ss'));
insert into KOTLYAROV_DM.tickets (id, id_doctor, id_speciality, closed, time_begin, time_end) values (353, 10, 19, 1, TO_DATE('2021-10-01 17:00:00', 'yyyy-mm-dd hh24:mi:ss'), TO_DATE('2021-10-01 17:15:00', 'yyyy-mm-dd hh24:mi:ss'));
insert into KOTLYAROV_DM.tickets (id, id_doctor, id_speciality, closed, time_begin, time_end) values (354, 10, 20, 0, TO_DATE('2021-10-01 17:15:00', 'yyyy-mm-dd hh24:mi:ss'), TO_DATE('2021-10-01 17:30:00', 'yyyy-mm-dd hh24:mi:ss'));
insert into KOTLYAROV_DM.tickets (id, id_doctor, id_speciality, closed, time_begin, time_end) values (355, 10, 21, 1, TO_DATE('2021-10-01 17:30:00', 'yyyy-mm-dd hh24:mi:ss'), TO_DATE('2021-10-01 17:45:00', 'yyyy-mm-dd hh24:mi:ss'));
insert into KOTLYAROV_DM.tickets (id, id_doctor, id_speciality, closed, time_begin, time_end) values (356, 10, 22, 0, TO_DATE('2021-10-01 17:45:00', 'yyyy-mm-dd hh24:mi:ss'), TO_DATE('2021-10-01 18:00:00', 'yyyy-mm-dd hh24:mi:ss'));
insert into KOTLYAROV_DM.tickets (id, id_doctor, id_speciality, closed, time_begin, time_end) values (357, 10, 23, 0, TO_DATE('2021-10-01 18:00:00', 'yyyy-mm-dd hh24:mi:ss'), TO_DATE('2021-10-01 18:15:00', 'yyyy-mm-dd hh24:mi:ss'));
insert into KOTLYAROV_DM.tickets (id, id_doctor, id_speciality, closed, time_begin, time_end) values (358, 10, 24, 1, TO_DATE('2021-10-01 18:15:00', 'yyyy-mm-dd hh24:mi:ss'), TO_DATE('2021-10-01 18:30:00', 'yyyy-mm-dd hh24:mi:ss'));
insert into KOTLYAROV_DM.tickets (id, id_doctor, id_speciality, closed, time_begin, time_end) values (359, 10, 25, 1, TO_DATE('2021-10-01 18:30:00', 'yyyy-mm-dd hh24:mi:ss'), TO_DATE('2021-10-01 18:45:00', 'yyyy-mm-dd hh24:mi:ss'));
insert into KOTLYAROV_DM.tickets (id, id_doctor, id_speciality, closed, time_begin, time_end) values (360, 10, 26, 1, TO_DATE('2021-10-01 18:45:00', 'yyyy-mm-dd hh24:mi:ss'), TO_DATE('2021-10-01 19:00:00', 'yyyy-mm-dd hh24:mi:ss'));
insert into KOTLYAROV_DM.tickets (id, id_doctor, id_speciality, closed, time_begin, time_end) values (361, 11, 27, 0, TO_DATE('2021-10-01 10:00:00', 'yyyy-mm-dd hh24:mi:ss'), TO_DATE('2021-10-01 10:15:00', 'yyyy-mm-dd hh24:mi:ss'));
insert into KOTLYAROV_DM.tickets (id, id_doctor, id_speciality, closed, time_begin, time_end) values (362, 11, 28, 0, TO_DATE('2021-10-01 10:15:00', 'yyyy-mm-dd hh24:mi:ss'), TO_DATE('2021-10-01 10:30:00', 'yyyy-mm-dd hh24:mi:ss'));
insert into KOTLYAROV_DM.tickets (id, id_doctor, id_speciality, closed, time_begin, time_end) values (363, 11, 1, 0, TO_DATE('2021-10-01 10:30:00', 'yyyy-mm-dd hh24:mi:ss'), TO_DATE('2021-10-01 10:45:00', 'yyyy-mm-dd hh24:mi:ss'));
insert into KOTLYAROV_DM.tickets (id, id_doctor, id_speciality, closed, time_begin, time_end) values (364, 11, 2, 0, TO_DATE('2021-10-01 10:45:00', 'yyyy-mm-dd hh24:mi:ss'), TO_DATE('2021-10-01 11:00:00', 'yyyy-mm-dd hh24:mi:ss'));
insert into KOTLYAROV_DM.tickets (id, id_doctor, id_speciality, closed, time_begin, time_end) values (365, 11, 3, 1, TO_DATE('2021-10-01 11:00:00', 'yyyy-mm-dd hh24:mi:ss'), TO_DATE('2021-10-01 11:15:00', 'yyyy-mm-dd hh24:mi:ss'));
insert into KOTLYAROV_DM.tickets (id, id_doctor, id_speciality, closed, time_begin, time_end) values (366, 11, 4, 0, TO_DATE('2021-10-01 11:15:00', 'yyyy-mm-dd hh24:mi:ss'), TO_DATE('2021-10-01 11:30:00', 'yyyy-mm-dd hh24:mi:ss'));
insert into KOTLYAROV_DM.tickets (id, id_doctor, id_speciality, closed, time_begin, time_end) values (367, 11, 5, 0, TO_DATE('2021-10-01 11:30:00', 'yyyy-mm-dd hh24:mi:ss'), TO_DATE('2021-10-01 11:45:00', 'yyyy-mm-dd hh24:mi:ss'));
insert into KOTLYAROV_DM.tickets (id, id_doctor, id_speciality, closed, time_begin, time_end) values (368, 11, 6, 0, TO_DATE('2021-10-01 11:45:00', 'yyyy-mm-dd hh24:mi:ss'), TO_DATE('2021-10-01 12:00:00', 'yyyy-mm-dd hh24:mi:ss'));
insert into KOTLYAROV_DM.tickets (id, id_doctor, id_speciality, closed, time_begin, time_end) values (369, 11, 7, 0, TO_DATE('2021-10-01 12:00:00', 'yyyy-mm-dd hh24:mi:ss'), TO_DATE('2021-10-01 12:15:00', 'yyyy-mm-dd hh24:mi:ss'));
insert into KOTLYAROV_DM.tickets (id, id_doctor, id_speciality, closed, time_begin, time_end) values (370, 11, 8, 1, TO_DATE('2021-10-01 12:15:00', 'yyyy-mm-dd hh24:mi:ss'), TO_DATE('2021-10-01 12:30:00', 'yyyy-mm-dd hh24:mi:ss'));
insert into KOTLYAROV_DM.tickets (id, id_doctor, id_speciality, closed, time_begin, time_end) values (371, 11, 9, 1, TO_DATE('2021-10-01 12:30:00', 'yyyy-mm-dd hh24:mi:ss'), TO_DATE('2021-10-01 12:45:00', 'yyyy-mm-dd hh24:mi:ss'));
insert into KOTLYAROV_DM.tickets (id, id_doctor, id_speciality, closed, time_begin, time_end) values (372, 11, 10, 0, TO_DATE('2021-10-01 12:45:00', 'yyyy-mm-dd hh24:mi:ss'), TO_DATE('2021-10-01 13:00:00', 'yyyy-mm-dd hh24:mi:ss'));
insert into KOTLYAROV_DM.tickets (id, id_doctor, id_speciality, closed, time_begin, time_end) values (373, 11, 11, 1, TO_DATE('2021-10-01 13:00:00', 'yyyy-mm-dd hh24:mi:ss'), TO_DATE('2021-10-01 13:15:00', 'yyyy-mm-dd hh24:mi:ss'));
insert into KOTLYAROV_DM.tickets (id, id_doctor, id_speciality, closed, time_begin, time_end) values (374, 11, 12, 0, TO_DATE('2021-10-01 13:15:00', 'yyyy-mm-dd hh24:mi:ss'), TO_DATE('2021-10-01 13:30:00', 'yyyy-mm-dd hh24:mi:ss'));
insert into KOTLYAROV_DM.tickets (id, id_doctor, id_speciality, closed, time_begin, time_end) values (375, 11, 13, 0, TO_DATE('2021-10-01 13:30:00', 'yyyy-mm-dd hh24:mi:ss'), TO_DATE('2021-10-01 13:45:00', 'yyyy-mm-dd hh24:mi:ss'));
insert into KOTLYAROV_DM.tickets (id, id_doctor, id_speciality, closed, time_begin, time_end) values (376, 11, 14, 0, TO_DATE('2021-10-01 13:45:00', 'yyyy-mm-dd hh24:mi:ss'), TO_DATE('2021-10-01 14:00:00', 'yyyy-mm-dd hh24:mi:ss'));
insert into KOTLYAROV_DM.tickets (id, id_doctor, id_speciality, closed, time_begin, time_end) values (377, 11, 15, 0, TO_DATE('2021-10-01 14:00:00', 'yyyy-mm-dd hh24:mi:ss'), TO_DATE('2021-10-01 14:15:00', 'yyyy-mm-dd hh24:mi:ss'));
insert into KOTLYAROV_DM.tickets (id, id_doctor, id_speciality, closed, time_begin, time_end) values (378, 11, 16, 1, TO_DATE('2021-10-01 14:15:00', 'yyyy-mm-dd hh24:mi:ss'), TO_DATE('2021-10-01 14:30:00', 'yyyy-mm-dd hh24:mi:ss'));
insert into KOTLYAROV_DM.tickets (id, id_doctor, id_speciality, closed, time_begin, time_end) values (379, 11, 17, 0, TO_DATE('2021-10-01 14:30:00', 'yyyy-mm-dd hh24:mi:ss'), TO_DATE('2021-10-01 14:45:00', 'yyyy-mm-dd hh24:mi:ss'));
insert into KOTLYAROV_DM.tickets (id, id_doctor, id_speciality, closed, time_begin, time_end) values (380, 11, 18, 1, TO_DATE('2021-10-01 14:45:00', 'yyyy-mm-dd hh24:mi:ss'), TO_DATE('2021-10-01 15:00:00', 'yyyy-mm-dd hh24:mi:ss'));
insert into KOTLYAROV_DM.tickets (id, id_doctor, id_speciality, closed, time_begin, time_end) values (381, 11, 19, 0, TO_DATE('2021-10-01 15:00:00', 'yyyy-mm-dd hh24:mi:ss'), TO_DATE('2021-10-01 15:15:00', 'yyyy-mm-dd hh24:mi:ss'));
insert into KOTLYAROV_DM.tickets (id, id_doctor, id_speciality, closed, time_begin, time_end) values (382, 11, 20, 0, TO_DATE('2021-10-01 15:15:00', 'yyyy-mm-dd hh24:mi:ss'), TO_DATE('2021-10-01 15:30:00', 'yyyy-mm-dd hh24:mi:ss'));
insert into KOTLYAROV_DM.tickets (id, id_doctor, id_speciality, closed, time_begin, time_end) values (383, 11, 21, 1, TO_DATE('2021-10-01 15:30:00', 'yyyy-mm-dd hh24:mi:ss'), TO_DATE('2021-10-01 15:45:00', 'yyyy-mm-dd hh24:mi:ss'));
insert into KOTLYAROV_DM.tickets (id, id_doctor, id_speciality, closed, time_begin, time_end) values (384, 11, 22, 1, TO_DATE('2021-10-01 15:45:00', 'yyyy-mm-dd hh24:mi:ss'), TO_DATE('2021-10-01 16:00:00', 'yyyy-mm-dd hh24:mi:ss'));
insert into KOTLYAROV_DM.tickets (id, id_doctor, id_speciality, closed, time_begin, time_end) values (385, 11, 23, 0, TO_DATE('2021-10-01 16:00:00', 'yyyy-mm-dd hh24:mi:ss'), TO_DATE('2021-10-01 16:15:00', 'yyyy-mm-dd hh24:mi:ss'));
insert into KOTLYAROV_DM.tickets (id, id_doctor, id_speciality, closed, time_begin, time_end) values (386, 11, 24, 0, TO_DATE('2021-10-01 16:15:00', 'yyyy-mm-dd hh24:mi:ss'), TO_DATE('2021-10-01 16:30:00', 'yyyy-mm-dd hh24:mi:ss'));
insert into KOTLYAROV_DM.tickets (id, id_doctor, id_speciality, closed, time_begin, time_end) values (387, 11, 25, 1, TO_DATE('2021-10-01 16:30:00', 'yyyy-mm-dd hh24:mi:ss'), TO_DATE('2021-10-01 16:45:00', 'yyyy-mm-dd hh24:mi:ss'));
insert into KOTLYAROV_DM.tickets (id, id_doctor, id_speciality, closed, time_begin, time_end) values (388, 11, 26, 0, TO_DATE('2021-10-01 16:45:00', 'yyyy-mm-dd hh24:mi:ss'), TO_DATE('2021-10-01 17:00:00', 'yyyy-mm-dd hh24:mi:ss'));
insert into KOTLYAROV_DM.tickets (id, id_doctor, id_speciality, closed, time_begin, time_end) values (389, 11, 27, 1, TO_DATE('2021-10-01 17:00:00', 'yyyy-mm-dd hh24:mi:ss'), TO_DATE('2021-10-01 17:15:00', 'yyyy-mm-dd hh24:mi:ss'));
insert into KOTLYAROV_DM.tickets (id, id_doctor, id_speciality, closed, time_begin, time_end) values (390, 11, 28, 0, TO_DATE('2021-10-01 17:15:00', 'yyyy-mm-dd hh24:mi:ss'), TO_DATE('2021-10-01 17:30:00', 'yyyy-mm-dd hh24:mi:ss'));
insert into KOTLYAROV_DM.tickets (id, id_doctor, id_speciality, closed, time_begin, time_end) values (391, 11, 1, 0, TO_DATE('2021-10-01 17:30:00', 'yyyy-mm-dd hh24:mi:ss'), TO_DATE('2021-10-01 17:45:00', 'yyyy-mm-dd hh24:mi:ss'));
insert into KOTLYAROV_DM.tickets (id, id_doctor, id_speciality, closed, time_begin, time_end) values (392, 11, 2, 1, TO_DATE('2021-10-01 17:45:00', 'yyyy-mm-dd hh24:mi:ss'), TO_DATE('2021-10-01 18:00:00', 'yyyy-mm-dd hh24:mi:ss'));
insert into KOTLYAROV_DM.tickets (id, id_doctor, id_speciality, closed, time_begin, time_end) values (393, 11, 3, 1, TO_DATE('2021-10-01 18:00:00', 'yyyy-mm-dd hh24:mi:ss'), TO_DATE('2021-10-01 18:15:00', 'yyyy-mm-dd hh24:mi:ss'));
insert into KOTLYAROV_DM.tickets (id, id_doctor, id_speciality, closed, time_begin, time_end) values (394, 11, 4, 0, TO_DATE('2021-10-01 18:15:00', 'yyyy-mm-dd hh24:mi:ss'), TO_DATE('2021-10-01 18:30:00', 'yyyy-mm-dd hh24:mi:ss'));
insert into KOTLYAROV_DM.tickets (id, id_doctor, id_speciality, closed, time_begin, time_end) values (395, 11, 5, 1, TO_DATE('2021-10-01 18:30:00', 'yyyy-mm-dd hh24:mi:ss'), TO_DATE('2021-10-01 18:45:00', 'yyyy-mm-dd hh24:mi:ss'));
insert into KOTLYAROV_DM.tickets (id, id_doctor, id_speciality, closed, time_begin, time_end) values (396, 11, 6, 0, TO_DATE('2021-10-01 18:45:00', 'yyyy-mm-dd hh24:mi:ss'), TO_DATE('2021-10-01 19:00:00', 'yyyy-mm-dd hh24:mi:ss'));
insert into KOTLYAROV_DM.tickets (id, id_doctor, id_speciality, closed, time_begin, time_end) values (397, 12, 7, 0, TO_DATE('2021-10-01 10:00:00', 'yyyy-mm-dd hh24:mi:ss'), TO_DATE('2021-10-01 10:15:00', 'yyyy-mm-dd hh24:mi:ss'));
insert into KOTLYAROV_DM.tickets (id, id_doctor, id_speciality, closed, time_begin, time_end) values (398, 12, 8, 0, TO_DATE('2021-10-01 10:15:00', 'yyyy-mm-dd hh24:mi:ss'), TO_DATE('2021-10-01 10:30:00', 'yyyy-mm-dd hh24:mi:ss'));
insert into KOTLYAROV_DM.tickets (id, id_doctor, id_speciality, closed, time_begin, time_end) values (399, 12, 9, 1, TO_DATE('2021-10-01 10:30:00', 'yyyy-mm-dd hh24:mi:ss'), TO_DATE('2021-10-01 10:45:00', 'yyyy-mm-dd hh24:mi:ss'));
insert into KOTLYAROV_DM.tickets (id, id_doctor, id_speciality, closed, time_begin, time_end) values (400, 12, 10, 1, TO_DATE('2021-10-01 10:45:00', 'yyyy-mm-dd hh24:mi:ss'), TO_DATE('2021-10-01 11:00:00', 'yyyy-mm-dd hh24:mi:ss'));
insert into KOTLYAROV_DM.tickets (id, id_doctor, id_speciality, closed, time_begin, time_end) values (401, 12, 11, 0, TO_DATE('2021-10-01 11:00:00', 'yyyy-mm-dd hh24:mi:ss'), TO_DATE('2021-10-01 11:15:00', 'yyyy-mm-dd hh24:mi:ss'));
insert into KOTLYAROV_DM.tickets (id, id_doctor, id_speciality, closed, time_begin, time_end) values (402, 12, 12, 1, TO_DATE('2021-10-01 11:15:00', 'yyyy-mm-dd hh24:mi:ss'), TO_DATE('2021-10-01 11:30:00', 'yyyy-mm-dd hh24:mi:ss'));
insert into KOTLYAROV_DM.tickets (id, id_doctor, id_speciality, closed, time_begin, time_end) values (403, 12, 13, 0, TO_DATE('2021-10-01 11:30:00', 'yyyy-mm-dd hh24:mi:ss'), TO_DATE('2021-10-01 11:45:00', 'yyyy-mm-dd hh24:mi:ss'));
insert into KOTLYAROV_DM.tickets (id, id_doctor, id_speciality, closed, time_begin, time_end) values (404, 12, 14, 0, TO_DATE('2021-10-01 11:45:00', 'yyyy-mm-dd hh24:mi:ss'), TO_DATE('2021-10-01 12:00:00', 'yyyy-mm-dd hh24:mi:ss'));
insert into KOTLYAROV_DM.tickets (id, id_doctor, id_speciality, closed, time_begin, time_end) values (405, 12, 15, 1, TO_DATE('2021-10-01 12:00:00', 'yyyy-mm-dd hh24:mi:ss'), TO_DATE('2021-10-01 12:15:00', 'yyyy-mm-dd hh24:mi:ss'));
insert into KOTLYAROV_DM.tickets (id, id_doctor, id_speciality, closed, time_begin, time_end) values (406, 12, 16, 0, TO_DATE('2021-10-01 12:15:00', 'yyyy-mm-dd hh24:mi:ss'), TO_DATE('2021-10-01 12:30:00', 'yyyy-mm-dd hh24:mi:ss'));
insert into KOTLYAROV_DM.tickets (id, id_doctor, id_speciality, closed, time_begin, time_end) values (407, 12, 17, 0, TO_DATE('2021-10-01 12:30:00', 'yyyy-mm-dd hh24:mi:ss'), TO_DATE('2021-10-01 12:45:00', 'yyyy-mm-dd hh24:mi:ss'));
insert into KOTLYAROV_DM.tickets (id, id_doctor, id_speciality, closed, time_begin, time_end) values (408, 12, 18, 1, TO_DATE('2021-10-01 12:45:00', 'yyyy-mm-dd hh24:mi:ss'), TO_DATE('2021-10-01 13:00:00', 'yyyy-mm-dd hh24:mi:ss'));
insert into KOTLYAROV_DM.tickets (id, id_doctor, id_speciality, closed, time_begin, time_end) values (409, 12, 19, 0, TO_DATE('2021-10-01 13:00:00', 'yyyy-mm-dd hh24:mi:ss'), TO_DATE('2021-10-01 13:15:00', 'yyyy-mm-dd hh24:mi:ss'));
insert into KOTLYAROV_DM.tickets (id, id_doctor, id_speciality, closed, time_begin, time_end) values (410, 12, 20, 1, TO_DATE('2021-10-01 13:15:00', 'yyyy-mm-dd hh24:mi:ss'), TO_DATE('2021-10-01 13:30:00', 'yyyy-mm-dd hh24:mi:ss'));
insert into KOTLYAROV_DM.tickets (id, id_doctor, id_speciality, closed, time_begin, time_end) values (411, 12, 21, 0, TO_DATE('2021-10-01 13:30:00', 'yyyy-mm-dd hh24:mi:ss'), TO_DATE('2021-10-01 13:45:00', 'yyyy-mm-dd hh24:mi:ss'));
insert into KOTLYAROV_DM.tickets (id, id_doctor, id_speciality, closed, time_begin, time_end) values (412, 12, 22, 0, TO_DATE('2021-10-01 13:45:00', 'yyyy-mm-dd hh24:mi:ss'), TO_DATE('2021-10-01 14:00:00', 'yyyy-mm-dd hh24:mi:ss'));
insert into KOTLYAROV_DM.tickets (id, id_doctor, id_speciality, closed, time_begin, time_end) values (413, 12, 23, 0, TO_DATE('2021-10-01 14:00:00', 'yyyy-mm-dd hh24:mi:ss'), TO_DATE('2021-10-01 14:15:00', 'yyyy-mm-dd hh24:mi:ss'));
insert into KOTLYAROV_DM.tickets (id, id_doctor, id_speciality, closed, time_begin, time_end) values (414, 12, 24, 0, TO_DATE('2021-10-01 14:15:00', 'yyyy-mm-dd hh24:mi:ss'), TO_DATE('2021-10-01 14:30:00', 'yyyy-mm-dd hh24:mi:ss'));
insert into KOTLYAROV_DM.tickets (id, id_doctor, id_speciality, closed, time_begin, time_end) values (415, 12, 25, 0, TO_DATE('2021-10-01 14:30:00', 'yyyy-mm-dd hh24:mi:ss'), TO_DATE('2021-10-01 14:45:00', 'yyyy-mm-dd hh24:mi:ss'));
insert into KOTLYAROV_DM.tickets (id, id_doctor, id_speciality, closed, time_begin, time_end) values (416, 12, 26, 1, TO_DATE('2021-10-01 14:45:00', 'yyyy-mm-dd hh24:mi:ss'), TO_DATE('2021-10-01 15:00:00', 'yyyy-mm-dd hh24:mi:ss'));
insert into KOTLYAROV_DM.tickets (id, id_doctor, id_speciality, closed, time_begin, time_end) values (417, 12, 27, 0, TO_DATE('2021-10-01 15:00:00', 'yyyy-mm-dd hh24:mi:ss'), TO_DATE('2021-10-01 15:15:00', 'yyyy-mm-dd hh24:mi:ss'));
insert into KOTLYAROV_DM.tickets (id, id_doctor, id_speciality, closed, time_begin, time_end) values (418, 12, 28, 0, TO_DATE('2021-10-01 15:15:00', 'yyyy-mm-dd hh24:mi:ss'), TO_DATE('2021-10-01 15:30:00', 'yyyy-mm-dd hh24:mi:ss'));
insert into KOTLYAROV_DM.tickets (id, id_doctor, id_speciality, closed, time_begin, time_end) values (419, 12, 1, 0, TO_DATE('2021-10-01 15:30:00', 'yyyy-mm-dd hh24:mi:ss'), TO_DATE('2021-10-01 15:45:00', 'yyyy-mm-dd hh24:mi:ss'));
insert into KOTLYAROV_DM.tickets (id, id_doctor, id_speciality, closed, time_begin, time_end) values (420, 12, 2, 0, TO_DATE('2021-10-01 15:45:00', 'yyyy-mm-dd hh24:mi:ss'), TO_DATE('2021-10-01 16:00:00', 'yyyy-mm-dd hh24:mi:ss'));
insert into KOTLYAROV_DM.tickets (id, id_doctor, id_speciality, closed, time_begin, time_end) values (421, 12, 3, 1, TO_DATE('2021-10-01 16:00:00', 'yyyy-mm-dd hh24:mi:ss'), TO_DATE('2021-10-01 16:15:00', 'yyyy-mm-dd hh24:mi:ss'));
insert into KOTLYAROV_DM.tickets (id, id_doctor, id_speciality, closed, time_begin, time_end) values (422, 12, 4, 0, TO_DATE('2021-10-01 16:15:00', 'yyyy-mm-dd hh24:mi:ss'), TO_DATE('2021-10-01 16:30:00', 'yyyy-mm-dd hh24:mi:ss'));
insert into KOTLYAROV_DM.tickets (id, id_doctor, id_speciality, closed, time_begin, time_end) values (423, 12, 5, 0, TO_DATE('2021-10-01 16:30:00', 'yyyy-mm-dd hh24:mi:ss'), TO_DATE('2021-10-01 16:45:00', 'yyyy-mm-dd hh24:mi:ss'));
insert into KOTLYAROV_DM.tickets (id, id_doctor, id_speciality, closed, time_begin, time_end) values (424, 12, 6, 0, TO_DATE('2021-10-01 16:45:00', 'yyyy-mm-dd hh24:mi:ss'), TO_DATE('2021-10-01 17:00:00', 'yyyy-mm-dd hh24:mi:ss'));
insert into KOTLYAROV_DM.tickets (id, id_doctor, id_speciality, closed, time_begin, time_end) values (425, 12, 7, 0, TO_DATE('2021-10-01 17:00:00', 'yyyy-mm-dd hh24:mi:ss'), TO_DATE('2021-10-01 17:15:00', 'yyyy-mm-dd hh24:mi:ss'));
insert into KOTLYAROV_DM.tickets (id, id_doctor, id_speciality, closed, time_begin, time_end) values (426, 12, 8, 0, TO_DATE('2021-10-01 17:15:00', 'yyyy-mm-dd hh24:mi:ss'), TO_DATE('2021-10-01 17:30:00', 'yyyy-mm-dd hh24:mi:ss'));
insert into KOTLYAROV_DM.tickets (id, id_doctor, id_speciality, closed, time_begin, time_end) values (427, 12, 9, 0, TO_DATE('2021-10-01 17:30:00', 'yyyy-mm-dd hh24:mi:ss'), TO_DATE('2021-10-01 17:45:00', 'yyyy-mm-dd hh24:mi:ss'));
insert into KOTLYAROV_DM.tickets (id, id_doctor, id_speciality, closed, time_begin, time_end) values (428, 12, 10, 1, TO_DATE('2021-10-01 17:45:00', 'yyyy-mm-dd hh24:mi:ss'), TO_DATE('2021-10-01 18:00:00', 'yyyy-mm-dd hh24:mi:ss'));
insert into KOTLYAROV_DM.tickets (id, id_doctor, id_speciality, closed, time_begin, time_end) values (429, 12, 11, 1, TO_DATE('2021-10-01 18:00:00', 'yyyy-mm-dd hh24:mi:ss'), TO_DATE('2021-10-01 18:15:00', 'yyyy-mm-dd hh24:mi:ss'));
insert into KOTLYAROV_DM.tickets (id, id_doctor, id_speciality, closed, time_begin, time_end) values (430, 12, 12, 0, TO_DATE('2021-10-01 18:15:00', 'yyyy-mm-dd hh24:mi:ss'), TO_DATE('2021-10-01 18:30:00', 'yyyy-mm-dd hh24:mi:ss'));
insert into KOTLYAROV_DM.tickets (id, id_doctor, id_speciality, closed, time_begin, time_end) values (431, 12, 13, 0, TO_DATE('2021-10-01 18:30:00', 'yyyy-mm-dd hh24:mi:ss'), TO_DATE('2021-10-01 18:45:00', 'yyyy-mm-dd hh24:mi:ss'));
insert into KOTLYAROV_DM.tickets (id, id_doctor, id_speciality, closed, time_begin, time_end) values (432, 12, 14, 0, TO_DATE('2021-10-01 18:45:00', 'yyyy-mm-dd hh24:mi:ss'), TO_DATE('2021-10-01 19:00:00', 'yyyy-mm-dd hh24:mi:ss'));
insert into KOTLYAROV_DM.tickets (id, id_doctor, id_speciality, closed, time_begin, time_end) values (433, 13, 15, 1, TO_DATE('2021-10-01 10:00:00', 'yyyy-mm-dd hh24:mi:ss'), TO_DATE('2021-10-01 10:15:00', 'yyyy-mm-dd hh24:mi:ss'));
insert into KOTLYAROV_DM.tickets (id, id_doctor, id_speciality, closed, time_begin, time_end) values (434, 13, 16, 0, TO_DATE('2021-10-01 10:15:00', 'yyyy-mm-dd hh24:mi:ss'), TO_DATE('2021-10-01 10:30:00', 'yyyy-mm-dd hh24:mi:ss'));
insert into KOTLYAROV_DM.tickets (id, id_doctor, id_speciality, closed, time_begin, time_end) values (435, 13, 17, 0, TO_DATE('2021-10-01 10:30:00', 'yyyy-mm-dd hh24:mi:ss'), TO_DATE('2021-10-01 10:45:00', 'yyyy-mm-dd hh24:mi:ss'));
insert into KOTLYAROV_DM.tickets (id, id_doctor, id_speciality, closed, time_begin, time_end) values (436, 13, 18, 1, TO_DATE('2021-10-01 10:45:00', 'yyyy-mm-dd hh24:mi:ss'), TO_DATE('2021-10-01 11:00:00', 'yyyy-mm-dd hh24:mi:ss'));
insert into KOTLYAROV_DM.tickets (id, id_doctor, id_speciality, closed, time_begin, time_end) values (437, 13, 19, 0, TO_DATE('2021-10-01 11:00:00', 'yyyy-mm-dd hh24:mi:ss'), TO_DATE('2021-10-01 11:15:00', 'yyyy-mm-dd hh24:mi:ss'));
insert into KOTLYAROV_DM.tickets (id, id_doctor, id_speciality, closed, time_begin, time_end) values (438, 13, 20, 0, TO_DATE('2021-10-01 11:15:00', 'yyyy-mm-dd hh24:mi:ss'), TO_DATE('2021-10-01 11:30:00', 'yyyy-mm-dd hh24:mi:ss'));
insert into KOTLYAROV_DM.tickets (id, id_doctor, id_speciality, closed, time_begin, time_end) values (439, 13, 21, 1, TO_DATE('2021-10-01 11:30:00', 'yyyy-mm-dd hh24:mi:ss'), TO_DATE('2021-10-01 11:45:00', 'yyyy-mm-dd hh24:mi:ss'));
insert into KOTLYAROV_DM.tickets (id, id_doctor, id_speciality, closed, time_begin, time_end) values (440, 13, 22, 0, TO_DATE('2021-10-01 11:45:00', 'yyyy-mm-dd hh24:mi:ss'), TO_DATE('2021-10-01 12:00:00', 'yyyy-mm-dd hh24:mi:ss'));
insert into KOTLYAROV_DM.tickets (id, id_doctor, id_speciality, closed, time_begin, time_end) values (441, 13, 23, 0, TO_DATE('2021-10-01 12:00:00', 'yyyy-mm-dd hh24:mi:ss'), TO_DATE('2021-10-01 12:15:00', 'yyyy-mm-dd hh24:mi:ss'));
insert into KOTLYAROV_DM.tickets (id, id_doctor, id_speciality, closed, time_begin, time_end) values (442, 13, 24, 1, TO_DATE('2021-10-01 12:15:00', 'yyyy-mm-dd hh24:mi:ss'), TO_DATE('2021-10-01 12:30:00', 'yyyy-mm-dd hh24:mi:ss'));
insert into KOTLYAROV_DM.tickets (id, id_doctor, id_speciality, closed, time_begin, time_end) values (443, 13, 25, 1, TO_DATE('2021-10-01 12:30:00', 'yyyy-mm-dd hh24:mi:ss'), TO_DATE('2021-10-01 12:45:00', 'yyyy-mm-dd hh24:mi:ss'));
insert into KOTLYAROV_DM.tickets (id, id_doctor, id_speciality, closed, time_begin, time_end) values (444, 13, 26, 1, TO_DATE('2021-10-01 12:45:00', 'yyyy-mm-dd hh24:mi:ss'), TO_DATE('2021-10-01 13:00:00', 'yyyy-mm-dd hh24:mi:ss'));
insert into KOTLYAROV_DM.tickets (id, id_doctor, id_speciality, closed, time_begin, time_end) values (445, 13, 27, 0, TO_DATE('2021-10-01 13:00:00', 'yyyy-mm-dd hh24:mi:ss'), TO_DATE('2021-10-01 13:15:00', 'yyyy-mm-dd hh24:mi:ss'));
insert into KOTLYAROV_DM.tickets (id, id_doctor, id_speciality, closed, time_begin, time_end) values (446, 13, 28, 0, TO_DATE('2021-10-01 13:15:00', 'yyyy-mm-dd hh24:mi:ss'), TO_DATE('2021-10-01 13:30:00', 'yyyy-mm-dd hh24:mi:ss'));
insert into KOTLYAROV_DM.tickets (id, id_doctor, id_speciality, closed, time_begin, time_end) values (447, 13, 1, 1, TO_DATE('2021-10-01 13:30:00', 'yyyy-mm-dd hh24:mi:ss'), TO_DATE('2021-10-01 13:45:00', 'yyyy-mm-dd hh24:mi:ss'));
insert into KOTLYAROV_DM.tickets (id, id_doctor, id_speciality, closed, time_begin, time_end) values (448, 13, 2, 1, TO_DATE('2021-10-01 13:45:00', 'yyyy-mm-dd hh24:mi:ss'), TO_DATE('2021-10-01 14:00:00', 'yyyy-mm-dd hh24:mi:ss'));
insert into KOTLYAROV_DM.tickets (id, id_doctor, id_speciality, closed, time_begin, time_end) values (449, 13, 3, 0, TO_DATE('2021-10-01 14:00:00', 'yyyy-mm-dd hh24:mi:ss'), TO_DATE('2021-10-01 14:15:00', 'yyyy-mm-dd hh24:mi:ss'));
insert into KOTLYAROV_DM.tickets (id, id_doctor, id_speciality, closed, time_begin, time_end) values (450, 13, 4, 0, TO_DATE('2021-10-01 14:15:00', 'yyyy-mm-dd hh24:mi:ss'), TO_DATE('2021-10-01 14:30:00', 'yyyy-mm-dd hh24:mi:ss'));
insert into KOTLYAROV_DM.tickets (id, id_doctor, id_speciality, closed, time_begin, time_end) values (451, 13, 5, 1, TO_DATE('2021-10-01 14:30:00', 'yyyy-mm-dd hh24:mi:ss'), TO_DATE('2021-10-01 14:45:00', 'yyyy-mm-dd hh24:mi:ss'));
insert into KOTLYAROV_DM.tickets (id, id_doctor, id_speciality, closed, time_begin, time_end) values (452, 13, 6, 1, TO_DATE('2021-10-01 14:45:00', 'yyyy-mm-dd hh24:mi:ss'), TO_DATE('2021-10-01 15:00:00', 'yyyy-mm-dd hh24:mi:ss'));
insert into KOTLYAROV_DM.tickets (id, id_doctor, id_speciality, closed, time_begin, time_end) values (453, 13, 7, 1, TO_DATE('2021-10-01 15:00:00', 'yyyy-mm-dd hh24:mi:ss'), TO_DATE('2021-10-01 15:15:00', 'yyyy-mm-dd hh24:mi:ss'));
insert into KOTLYAROV_DM.tickets (id, id_doctor, id_speciality, closed, time_begin, time_end) values (454, 13, 8, 0, TO_DATE('2021-10-01 15:15:00', 'yyyy-mm-dd hh24:mi:ss'), TO_DATE('2021-10-01 15:30:00', 'yyyy-mm-dd hh24:mi:ss'));
insert into KOTLYAROV_DM.tickets (id, id_doctor, id_speciality, closed, time_begin, time_end) values (455, 13, 9, 0, TO_DATE('2021-10-01 15:30:00', 'yyyy-mm-dd hh24:mi:ss'), TO_DATE('2021-10-01 15:45:00', 'yyyy-mm-dd hh24:mi:ss'));
insert into KOTLYAROV_DM.tickets (id, id_doctor, id_speciality, closed, time_begin, time_end) values (456, 13, 10, 1, TO_DATE('2021-10-01 15:45:00', 'yyyy-mm-dd hh24:mi:ss'), TO_DATE('2021-10-01 16:00:00', 'yyyy-mm-dd hh24:mi:ss'));
insert into KOTLYAROV_DM.tickets (id, id_doctor, id_speciality, closed, time_begin, time_end) values (457, 13, 11, 0, TO_DATE('2021-10-01 16:00:00', 'yyyy-mm-dd hh24:mi:ss'), TO_DATE('2021-10-01 16:15:00', 'yyyy-mm-dd hh24:mi:ss'));
insert into KOTLYAROV_DM.tickets (id, id_doctor, id_speciality, closed, time_begin, time_end) values (458, 13, 12, 0, TO_DATE('2021-10-01 16:15:00', 'yyyy-mm-dd hh24:mi:ss'), TO_DATE('2021-10-01 16:30:00', 'yyyy-mm-dd hh24:mi:ss'));
insert into KOTLYAROV_DM.tickets (id, id_doctor, id_speciality, closed, time_begin, time_end) values (459, 13, 13, 0, TO_DATE('2021-10-01 16:30:00', 'yyyy-mm-dd hh24:mi:ss'), TO_DATE('2021-10-01 16:45:00', 'yyyy-mm-dd hh24:mi:ss'));
insert into KOTLYAROV_DM.tickets (id, id_doctor, id_speciality, closed, time_begin, time_end) values (460, 13, 14, 1, TO_DATE('2021-10-01 16:45:00', 'yyyy-mm-dd hh24:mi:ss'), TO_DATE('2021-10-01 17:00:00', 'yyyy-mm-dd hh24:mi:ss'));
insert into KOTLYAROV_DM.tickets (id, id_doctor, id_speciality, closed, time_begin, time_end) values (461, 13, 15, 0, TO_DATE('2021-10-01 17:00:00', 'yyyy-mm-dd hh24:mi:ss'), TO_DATE('2021-10-01 17:15:00', 'yyyy-mm-dd hh24:mi:ss'));
insert into KOTLYAROV_DM.tickets (id, id_doctor, id_speciality, closed, time_begin, time_end) values (462, 13, 16, 0, TO_DATE('2021-10-01 17:15:00', 'yyyy-mm-dd hh24:mi:ss'), TO_DATE('2021-10-01 17:30:00', 'yyyy-mm-dd hh24:mi:ss'));
insert into KOTLYAROV_DM.tickets (id, id_doctor, id_speciality, closed, time_begin, time_end) values (463, 13, 17, 0, TO_DATE('2021-10-01 17:30:00', 'yyyy-mm-dd hh24:mi:ss'), TO_DATE('2021-10-01 17:45:00', 'yyyy-mm-dd hh24:mi:ss'));
insert into KOTLYAROV_DM.tickets (id, id_doctor, id_speciality, closed, time_begin, time_end) values (464, 13, 18, 0, TO_DATE('2021-10-01 17:45:00', 'yyyy-mm-dd hh24:mi:ss'), TO_DATE('2021-10-01 18:00:00', 'yyyy-mm-dd hh24:mi:ss'));
insert into KOTLYAROV_DM.tickets (id, id_doctor, id_speciality, closed, time_begin, time_end) values (465, 13, 19, 0, TO_DATE('2021-10-01 18:00:00', 'yyyy-mm-dd hh24:mi:ss'), TO_DATE('2021-10-01 18:15:00', 'yyyy-mm-dd hh24:mi:ss'));
insert into KOTLYAROV_DM.tickets (id, id_doctor, id_speciality, closed, time_begin, time_end) values (466, 13, 20, 0, TO_DATE('2021-10-01 18:15:00', 'yyyy-mm-dd hh24:mi:ss'), TO_DATE('2021-10-01 18:30:00', 'yyyy-mm-dd hh24:mi:ss'));
insert into KOTLYAROV_DM.tickets (id, id_doctor, id_speciality, closed, time_begin, time_end) values (467, 13, 21, 0, TO_DATE('2021-10-01 18:30:00', 'yyyy-mm-dd hh24:mi:ss'), TO_DATE('2021-10-01 18:45:00', 'yyyy-mm-dd hh24:mi:ss'));
insert into KOTLYAROV_DM.tickets (id, id_doctor, id_speciality, closed, time_begin, time_end) values (468, 13, 22, 0, TO_DATE('2021-10-01 18:45:00', 'yyyy-mm-dd hh24:mi:ss'), TO_DATE('2021-10-01 19:00:00', 'yyyy-mm-dd hh24:mi:ss'));
insert into KOTLYAROV_DM.tickets (id, id_doctor, id_speciality, closed, time_begin, time_end) values (469, 14, 23, 1, TO_DATE('2021-10-01 10:00:00', 'yyyy-mm-dd hh24:mi:ss'), TO_DATE('2021-10-01 10:15:00', 'yyyy-mm-dd hh24:mi:ss'));
insert into KOTLYAROV_DM.tickets (id, id_doctor, id_speciality, closed, time_begin, time_end) values (470, 14, 24, 0, TO_DATE('2021-10-01 10:15:00', 'yyyy-mm-dd hh24:mi:ss'), TO_DATE('2021-10-01 10:30:00', 'yyyy-mm-dd hh24:mi:ss'));
insert into KOTLYAROV_DM.tickets (id, id_doctor, id_speciality, closed, time_begin, time_end) values (471, 14, 25, 0, TO_DATE('2021-10-01 10:30:00', 'yyyy-mm-dd hh24:mi:ss'), TO_DATE('2021-10-01 10:45:00', 'yyyy-mm-dd hh24:mi:ss'));
insert into KOTLYAROV_DM.tickets (id, id_doctor, id_speciality, closed, time_begin, time_end) values (472, 14, 26, 0, TO_DATE('2021-10-01 10:45:00', 'yyyy-mm-dd hh24:mi:ss'), TO_DATE('2021-10-01 11:00:00', 'yyyy-mm-dd hh24:mi:ss'));
insert into KOTLYAROV_DM.tickets (id, id_doctor, id_speciality, closed, time_begin, time_end) values (473, 14, 27, 0, TO_DATE('2021-10-01 11:00:00', 'yyyy-mm-dd hh24:mi:ss'), TO_DATE('2021-10-01 11:15:00', 'yyyy-mm-dd hh24:mi:ss'));
insert into KOTLYAROV_DM.tickets (id, id_doctor, id_speciality, closed, time_begin, time_end) values (474, 14, 28, 0, TO_DATE('2021-10-01 11:15:00', 'yyyy-mm-dd hh24:mi:ss'), TO_DATE('2021-10-01 11:30:00', 'yyyy-mm-dd hh24:mi:ss'));
insert into KOTLYAROV_DM.tickets (id, id_doctor, id_speciality, closed, time_begin, time_end) values (475, 14, 1, 1, TO_DATE('2021-10-01 11:30:00', 'yyyy-mm-dd hh24:mi:ss'), TO_DATE('2021-10-01 11:45:00', 'yyyy-mm-dd hh24:mi:ss'));
insert into KOTLYAROV_DM.tickets (id, id_doctor, id_speciality, closed, time_begin, time_end) values (476, 14, 2, 0, TO_DATE('2021-10-01 11:45:00', 'yyyy-mm-dd hh24:mi:ss'), TO_DATE('2021-10-01 12:00:00', 'yyyy-mm-dd hh24:mi:ss'));
insert into KOTLYAROV_DM.tickets (id, id_doctor, id_speciality, closed, time_begin, time_end) values (477, 14, 3, 1, TO_DATE('2021-10-01 12:00:00', 'yyyy-mm-dd hh24:mi:ss'), TO_DATE('2021-10-01 12:15:00', 'yyyy-mm-dd hh24:mi:ss'));
insert into KOTLYAROV_DM.tickets (id, id_doctor, id_speciality, closed, time_begin, time_end) values (478, 14, 4, 1, TO_DATE('2021-10-01 12:15:00', 'yyyy-mm-dd hh24:mi:ss'), TO_DATE('2021-10-01 12:30:00', 'yyyy-mm-dd hh24:mi:ss'));
insert into KOTLYAROV_DM.tickets (id, id_doctor, id_speciality, closed, time_begin, time_end) values (479, 14, 5, 0, TO_DATE('2021-10-01 12:30:00', 'yyyy-mm-dd hh24:mi:ss'), TO_DATE('2021-10-01 12:45:00', 'yyyy-mm-dd hh24:mi:ss'));
insert into KOTLYAROV_DM.tickets (id, id_doctor, id_speciality, closed, time_begin, time_end) values (480, 14, 6, 0, TO_DATE('2021-10-01 12:45:00', 'yyyy-mm-dd hh24:mi:ss'), TO_DATE('2021-10-01 13:00:00', 'yyyy-mm-dd hh24:mi:ss'));
insert into KOTLYAROV_DM.tickets (id, id_doctor, id_speciality, closed, time_begin, time_end) values (481, 14, 7, 1, TO_DATE('2021-10-01 13:00:00', 'yyyy-mm-dd hh24:mi:ss'), TO_DATE('2021-10-01 13:15:00', 'yyyy-mm-dd hh24:mi:ss'));
insert into KOTLYAROV_DM.tickets (id, id_doctor, id_speciality, closed, time_begin, time_end) values (482, 14, 8, 1, TO_DATE('2021-10-01 13:15:00', 'yyyy-mm-dd hh24:mi:ss'), TO_DATE('2021-10-01 13:30:00', 'yyyy-mm-dd hh24:mi:ss'));
insert into KOTLYAROV_DM.tickets (id, id_doctor, id_speciality, closed, time_begin, time_end) values (483, 14, 9, 0, TO_DATE('2021-10-01 13:30:00', 'yyyy-mm-dd hh24:mi:ss'), TO_DATE('2021-10-01 13:45:00', 'yyyy-mm-dd hh24:mi:ss'));
insert into KOTLYAROV_DM.tickets (id, id_doctor, id_speciality, closed, time_begin, time_end) values (484, 14, 10, 0, TO_DATE('2021-10-01 13:45:00', 'yyyy-mm-dd hh24:mi:ss'), TO_DATE('2021-10-01 14:00:00', 'yyyy-mm-dd hh24:mi:ss'));
insert into KOTLYAROV_DM.tickets (id, id_doctor, id_speciality, closed, time_begin, time_end) values (485, 14, 11, 0, TO_DATE('2021-10-01 14:00:00', 'yyyy-mm-dd hh24:mi:ss'), TO_DATE('2021-10-01 14:15:00', 'yyyy-mm-dd hh24:mi:ss'));
insert into KOTLYAROV_DM.tickets (id, id_doctor, id_speciality, closed, time_begin, time_end) values (486, 14, 12, 1, TO_DATE('2021-10-01 14:15:00', 'yyyy-mm-dd hh24:mi:ss'), TO_DATE('2021-10-01 14:30:00', 'yyyy-mm-dd hh24:mi:ss'));
insert into KOTLYAROV_DM.tickets (id, id_doctor, id_speciality, closed, time_begin, time_end) values (487, 14, 13, 0, TO_DATE('2021-10-01 14:30:00', 'yyyy-mm-dd hh24:mi:ss'), TO_DATE('2021-10-01 14:45:00', 'yyyy-mm-dd hh24:mi:ss'));
insert into KOTLYAROV_DM.tickets (id, id_doctor, id_speciality, closed, time_begin, time_end) values (488, 14, 14, 1, TO_DATE('2021-10-01 14:45:00', 'yyyy-mm-dd hh24:mi:ss'), TO_DATE('2021-10-01 15:00:00', 'yyyy-mm-dd hh24:mi:ss'));
insert into KOTLYAROV_DM.tickets (id, id_doctor, id_speciality, closed, time_begin, time_end) values (489, 14, 15, 1, TO_DATE('2021-10-01 15:00:00', 'yyyy-mm-dd hh24:mi:ss'), TO_DATE('2021-10-01 15:15:00', 'yyyy-mm-dd hh24:mi:ss'));
insert into KOTLYAROV_DM.tickets (id, id_doctor, id_speciality, closed, time_begin, time_end) values (490, 14, 16, 0, TO_DATE('2021-10-01 15:15:00', 'yyyy-mm-dd hh24:mi:ss'), TO_DATE('2021-10-01 15:30:00', 'yyyy-mm-dd hh24:mi:ss'));
insert into KOTLYAROV_DM.tickets (id, id_doctor, id_speciality, closed, time_begin, time_end) values (491, 14, 17, 0, TO_DATE('2021-10-01 15:30:00', 'yyyy-mm-dd hh24:mi:ss'), TO_DATE('2021-10-01 15:45:00', 'yyyy-mm-dd hh24:mi:ss'));
insert into KOTLYAROV_DM.tickets (id, id_doctor, id_speciality, closed, time_begin, time_end) values (492, 14, 18, 0, TO_DATE('2021-10-01 15:45:00', 'yyyy-mm-dd hh24:mi:ss'), TO_DATE('2021-10-01 16:00:00', 'yyyy-mm-dd hh24:mi:ss'));
insert into KOTLYAROV_DM.tickets (id, id_doctor, id_speciality, closed, time_begin, time_end) values (493, 14, 19, 1, TO_DATE('2021-10-01 16:00:00', 'yyyy-mm-dd hh24:mi:ss'), TO_DATE('2021-10-01 16:15:00', 'yyyy-mm-dd hh24:mi:ss'));
insert into KOTLYAROV_DM.tickets (id, id_doctor, id_speciality, closed, time_begin, time_end) values (494, 14, 20, 1, TO_DATE('2021-10-01 16:15:00', 'yyyy-mm-dd hh24:mi:ss'), TO_DATE('2021-10-01 16:30:00', 'yyyy-mm-dd hh24:mi:ss'));
insert into KOTLYAROV_DM.tickets (id, id_doctor, id_speciality, closed, time_begin, time_end) values (495, 14, 21, 0, TO_DATE('2021-10-01 16:30:00', 'yyyy-mm-dd hh24:mi:ss'), TO_DATE('2021-10-01 16:45:00', 'yyyy-mm-dd hh24:mi:ss'));
insert into KOTLYAROV_DM.tickets (id, id_doctor, id_speciality, closed, time_begin, time_end) values (496, 14, 22, 1, TO_DATE('2021-10-01 16:45:00', 'yyyy-mm-dd hh24:mi:ss'), TO_DATE('2021-10-01 17:00:00', 'yyyy-mm-dd hh24:mi:ss'));
insert into KOTLYAROV_DM.tickets (id, id_doctor, id_speciality, closed, time_begin, time_end) values (497, 14, 23, 1, TO_DATE('2021-10-01 17:00:00', 'yyyy-mm-dd hh24:mi:ss'), TO_DATE('2021-10-01 17:15:00', 'yyyy-mm-dd hh24:mi:ss'));
insert into KOTLYAROV_DM.tickets (id, id_doctor, id_speciality, closed, time_begin, time_end) values (498, 14, 24, 1, TO_DATE('2021-10-01 17:15:00', 'yyyy-mm-dd hh24:mi:ss'), TO_DATE('2021-10-01 17:30:00', 'yyyy-mm-dd hh24:mi:ss'));
insert into KOTLYAROV_DM.tickets (id, id_doctor, id_speciality, closed, time_begin, time_end) values (499, 14, 25, 0, TO_DATE('2021-10-01 17:30:00', 'yyyy-mm-dd hh24:mi:ss'), TO_DATE('2021-10-01 17:45:00', 'yyyy-mm-dd hh24:mi:ss'));
insert into KOTLYAROV_DM.tickets (id, id_doctor, id_speciality, closed, time_begin, time_end) values (500, 14, 26, 0, TO_DATE('2021-10-01 17:45:00', 'yyyy-mm-dd hh24:mi:ss'), TO_DATE('2021-10-01 18:00:00', 'yyyy-mm-dd hh24:mi:ss'));
insert into KOTLYAROV_DM.tickets (id, id_doctor, id_speciality, closed, time_begin, time_end) values (501, 14, 27, 1, TO_DATE('2021-10-01 18:00:00', 'yyyy-mm-dd hh24:mi:ss'), TO_DATE('2021-10-01 18:15:00', 'yyyy-mm-dd hh24:mi:ss'));
insert into KOTLYAROV_DM.tickets (id, id_doctor, id_speciality, closed, time_begin, time_end) values (502, 14, 28, 0, TO_DATE('2021-10-01 18:15:00', 'yyyy-mm-dd hh24:mi:ss'), TO_DATE('2021-10-01 18:30:00', 'yyyy-mm-dd hh24:mi:ss'));
insert into KOTLYAROV_DM.tickets (id, id_doctor, id_speciality, closed, time_begin, time_end) values (503, 14, 1, 0, TO_DATE('2021-10-01 18:30:00', 'yyyy-mm-dd hh24:mi:ss'), TO_DATE('2021-10-01 18:45:00', 'yyyy-mm-dd hh24:mi:ss'));
insert into KOTLYAROV_DM.tickets (id, id_doctor, id_speciality, closed, time_begin, time_end) values (504, 14, 2, 1, TO_DATE('2021-10-01 18:45:00', 'yyyy-mm-dd hh24:mi:ss'), TO_DATE('2021-10-01 19:00:00', 'yyyy-mm-dd hh24:mi:ss'));
insert into KOTLYAROV_DM.tickets (id, id_doctor, id_speciality, closed, time_begin, time_end) values (505, 15, 3, 1, TO_DATE('2021-10-01 10:00:00', 'yyyy-mm-dd hh24:mi:ss'), TO_DATE('2021-10-01 10:15:00', 'yyyy-mm-dd hh24:mi:ss'));
insert into KOTLYAROV_DM.tickets (id, id_doctor, id_speciality, closed, time_begin, time_end) values (506, 15, 4, 1, TO_DATE('2021-10-01 10:15:00', 'yyyy-mm-dd hh24:mi:ss'), TO_DATE('2021-10-01 10:30:00', 'yyyy-mm-dd hh24:mi:ss'));
insert into KOTLYAROV_DM.tickets (id, id_doctor, id_speciality, closed, time_begin, time_end) values (507, 15, 5, 1, TO_DATE('2021-10-01 10:30:00', 'yyyy-mm-dd hh24:mi:ss'), TO_DATE('2021-10-01 10:45:00', 'yyyy-mm-dd hh24:mi:ss'));
insert into KOTLYAROV_DM.tickets (id, id_doctor, id_speciality, closed, time_begin, time_end) values (508, 15, 6, 1, TO_DATE('2021-10-01 10:45:00', 'yyyy-mm-dd hh24:mi:ss'), TO_DATE('2021-10-01 11:00:00', 'yyyy-mm-dd hh24:mi:ss'));
insert into KOTLYAROV_DM.tickets (id, id_doctor, id_speciality, closed, time_begin, time_end) values (509, 15, 7, 1, TO_DATE('2021-10-01 11:00:00', 'yyyy-mm-dd hh24:mi:ss'), TO_DATE('2021-10-01 11:15:00', 'yyyy-mm-dd hh24:mi:ss'));
insert into KOTLYAROV_DM.tickets (id, id_doctor, id_speciality, closed, time_begin, time_end) values (510, 15, 8, 0, TO_DATE('2021-10-01 11:15:00', 'yyyy-mm-dd hh24:mi:ss'), TO_DATE('2021-10-01 11:30:00', 'yyyy-mm-dd hh24:mi:ss'));
insert into KOTLYAROV_DM.tickets (id, id_doctor, id_speciality, closed, time_begin, time_end) values (511, 15, 9, 1, TO_DATE('2021-10-01 11:30:00', 'yyyy-mm-dd hh24:mi:ss'), TO_DATE('2021-10-01 11:45:00', 'yyyy-mm-dd hh24:mi:ss'));
insert into KOTLYAROV_DM.tickets (id, id_doctor, id_speciality, closed, time_begin, time_end) values (512, 15, 10, 0, TO_DATE('2021-10-01 11:45:00', 'yyyy-mm-dd hh24:mi:ss'), TO_DATE('2021-10-01 12:00:00', 'yyyy-mm-dd hh24:mi:ss'));
insert into KOTLYAROV_DM.tickets (id, id_doctor, id_speciality, closed, time_begin, time_end) values (513, 15, 11, 1, TO_DATE('2021-10-01 12:00:00', 'yyyy-mm-dd hh24:mi:ss'), TO_DATE('2021-10-01 12:15:00', 'yyyy-mm-dd hh24:mi:ss'));
insert into KOTLYAROV_DM.tickets (id, id_doctor, id_speciality, closed, time_begin, time_end) values (514, 15, 12, 1, TO_DATE('2021-10-01 12:15:00', 'yyyy-mm-dd hh24:mi:ss'), TO_DATE('2021-10-01 12:30:00', 'yyyy-mm-dd hh24:mi:ss'));
insert into KOTLYAROV_DM.tickets (id, id_doctor, id_speciality, closed, time_begin, time_end) values (515, 15, 13, 1, TO_DATE('2021-10-01 12:30:00', 'yyyy-mm-dd hh24:mi:ss'), TO_DATE('2021-10-01 12:45:00', 'yyyy-mm-dd hh24:mi:ss'));
insert into KOTLYAROV_DM.tickets (id, id_doctor, id_speciality, closed, time_begin, time_end) values (516, 15, 14, 1, TO_DATE('2021-10-01 12:45:00', 'yyyy-mm-dd hh24:mi:ss'), TO_DATE('2021-10-01 13:00:00', 'yyyy-mm-dd hh24:mi:ss'));
insert into KOTLYAROV_DM.tickets (id, id_doctor, id_speciality, closed, time_begin, time_end) values (517, 15, 15, 0, TO_DATE('2021-10-01 13:00:00', 'yyyy-mm-dd hh24:mi:ss'), TO_DATE('2021-10-01 13:15:00', 'yyyy-mm-dd hh24:mi:ss'));
insert into KOTLYAROV_DM.tickets (id, id_doctor, id_speciality, closed, time_begin, time_end) values (518, 15, 16, 0, TO_DATE('2021-10-01 13:15:00', 'yyyy-mm-dd hh24:mi:ss'), TO_DATE('2021-10-01 13:30:00', 'yyyy-mm-dd hh24:mi:ss'));
insert into KOTLYAROV_DM.tickets (id, id_doctor, id_speciality, closed, time_begin, time_end) values (519, 15, 17, 0, TO_DATE('2021-10-01 13:30:00', 'yyyy-mm-dd hh24:mi:ss'), TO_DATE('2021-10-01 13:45:00', 'yyyy-mm-dd hh24:mi:ss'));
insert into KOTLYAROV_DM.tickets (id, id_doctor, id_speciality, closed, time_begin, time_end) values (520, 15, 18, 1, TO_DATE('2021-10-01 13:45:00', 'yyyy-mm-dd hh24:mi:ss'), TO_DATE('2021-10-01 14:00:00', 'yyyy-mm-dd hh24:mi:ss'));
insert into KOTLYAROV_DM.tickets (id, id_doctor, id_speciality, closed, time_begin, time_end) values (521, 15, 19, 1, TO_DATE('2021-10-01 14:00:00', 'yyyy-mm-dd hh24:mi:ss'), TO_DATE('2021-10-01 14:15:00', 'yyyy-mm-dd hh24:mi:ss'));
insert into KOTLYAROV_DM.tickets (id, id_doctor, id_speciality, closed, time_begin, time_end) values (522, 15, 20, 0, TO_DATE('2021-10-01 14:15:00', 'yyyy-mm-dd hh24:mi:ss'), TO_DATE('2021-10-01 14:30:00', 'yyyy-mm-dd hh24:mi:ss'));
insert into KOTLYAROV_DM.tickets (id, id_doctor, id_speciality, closed, time_begin, time_end) values (523, 15, 21, 0, TO_DATE('2021-10-01 14:30:00', 'yyyy-mm-dd hh24:mi:ss'), TO_DATE('2021-10-01 14:45:00', 'yyyy-mm-dd hh24:mi:ss'));
insert into KOTLYAROV_DM.tickets (id, id_doctor, id_speciality, closed, time_begin, time_end) values (524, 15, 22, 1, TO_DATE('2021-10-01 14:45:00', 'yyyy-mm-dd hh24:mi:ss'), TO_DATE('2021-10-01 15:00:00', 'yyyy-mm-dd hh24:mi:ss'));
insert into KOTLYAROV_DM.tickets (id, id_doctor, id_speciality, closed, time_begin, time_end) values (525, 15, 23, 1, TO_DATE('2021-10-01 15:00:00', 'yyyy-mm-dd hh24:mi:ss'), TO_DATE('2021-10-01 15:15:00', 'yyyy-mm-dd hh24:mi:ss'));
insert into KOTLYAROV_DM.tickets (id, id_doctor, id_speciality, closed, time_begin, time_end) values (526, 15, 24, 1, TO_DATE('2021-10-01 15:15:00', 'yyyy-mm-dd hh24:mi:ss'), TO_DATE('2021-10-01 15:30:00', 'yyyy-mm-dd hh24:mi:ss'));
insert into KOTLYAROV_DM.tickets (id, id_doctor, id_speciality, closed, time_begin, time_end) values (527, 15, 25, 0, TO_DATE('2021-10-01 15:30:00', 'yyyy-mm-dd hh24:mi:ss'), TO_DATE('2021-10-01 15:45:00', 'yyyy-mm-dd hh24:mi:ss'));
insert into KOTLYAROV_DM.tickets (id, id_doctor, id_speciality, closed, time_begin, time_end) values (528, 15, 26, 0, TO_DATE('2021-10-01 15:45:00', 'yyyy-mm-dd hh24:mi:ss'), TO_DATE('2021-10-01 16:00:00', 'yyyy-mm-dd hh24:mi:ss'));
insert into KOTLYAROV_DM.tickets (id, id_doctor, id_speciality, closed, time_begin, time_end) values (529, 15, 27, 1, TO_DATE('2021-10-01 16:00:00', 'yyyy-mm-dd hh24:mi:ss'), TO_DATE('2021-10-01 16:15:00', 'yyyy-mm-dd hh24:mi:ss'));
insert into KOTLYAROV_DM.tickets (id, id_doctor, id_speciality, closed, time_begin, time_end) values (530, 15, 28, 1, TO_DATE('2021-10-01 16:15:00', 'yyyy-mm-dd hh24:mi:ss'), TO_DATE('2021-10-01 16:30:00', 'yyyy-mm-dd hh24:mi:ss'));
insert into KOTLYAROV_DM.tickets (id, id_doctor, id_speciality, closed, time_begin, time_end) values (531, 15, 1, 0, TO_DATE('2021-10-01 16:30:00', 'yyyy-mm-dd hh24:mi:ss'), TO_DATE('2021-10-01 16:45:00', 'yyyy-mm-dd hh24:mi:ss'));
insert into KOTLYAROV_DM.tickets (id, id_doctor, id_speciality, closed, time_begin, time_end) values (532, 15, 2, 0, TO_DATE('2021-10-01 16:45:00', 'yyyy-mm-dd hh24:mi:ss'), TO_DATE('2021-10-01 17:00:00', 'yyyy-mm-dd hh24:mi:ss'));
insert into KOTLYAROV_DM.tickets (id, id_doctor, id_speciality, closed, time_begin, time_end) values (533, 15, 3, 1, TO_DATE('2021-10-01 17:00:00', 'yyyy-mm-dd hh24:mi:ss'), TO_DATE('2021-10-01 17:15:00', 'yyyy-mm-dd hh24:mi:ss'));
insert into KOTLYAROV_DM.tickets (id, id_doctor, id_speciality, closed, time_begin, time_end) values (534, 15, 4, 1, TO_DATE('2021-10-01 17:15:00', 'yyyy-mm-dd hh24:mi:ss'), TO_DATE('2021-10-01 17:30:00', 'yyyy-mm-dd hh24:mi:ss'));
insert into KOTLYAROV_DM.tickets (id, id_doctor, id_speciality, closed, time_begin, time_end) values (535, 15, 5, 1, TO_DATE('2021-10-01 17:30:00', 'yyyy-mm-dd hh24:mi:ss'), TO_DATE('2021-10-01 17:45:00', 'yyyy-mm-dd hh24:mi:ss'));
insert into KOTLYAROV_DM.tickets (id, id_doctor, id_speciality, closed, time_begin, time_end) values (536, 15, 6, 1, TO_DATE('2021-10-01 17:45:00', 'yyyy-mm-dd hh24:mi:ss'), TO_DATE('2021-10-01 18:00:00', 'yyyy-mm-dd hh24:mi:ss'));
insert into KOTLYAROV_DM.tickets (id, id_doctor, id_speciality, closed, time_begin, time_end) values (537, 15, 7, 0, TO_DATE('2021-10-01 18:00:00', 'yyyy-mm-dd hh24:mi:ss'), TO_DATE('2021-10-01 18:15:00', 'yyyy-mm-dd hh24:mi:ss'));
insert into KOTLYAROV_DM.tickets (id, id_doctor, id_speciality, closed, time_begin, time_end) values (538, 15, 8, 0, TO_DATE('2021-10-01 18:15:00', 'yyyy-mm-dd hh24:mi:ss'), TO_DATE('2021-10-01 18:30:00', 'yyyy-mm-dd hh24:mi:ss'));
insert into KOTLYAROV_DM.tickets (id, id_doctor, id_speciality, closed, time_begin, time_end) values (539, 15, 9, 0, TO_DATE('2021-10-01 18:30:00', 'yyyy-mm-dd hh24:mi:ss'), TO_DATE('2021-10-01 18:45:00', 'yyyy-mm-dd hh24:mi:ss'));
insert into KOTLYAROV_DM.tickets (id, id_doctor, id_speciality, closed, time_begin, time_end) values (540, 15, 10, 0, TO_DATE('2021-10-01 18:45:00', 'yyyy-mm-dd hh24:mi:ss'), TO_DATE('2021-10-01 19:00:00', 'yyyy-mm-dd hh24:mi:ss'));
insert into KOTLYAROV_DM.tickets (id, id_doctor, id_speciality, closed, time_begin, time_end) values (541, 16, 11, 1, TO_DATE('2021-10-01 10:00:00', 'yyyy-mm-dd hh24:mi:ss'), TO_DATE('2021-10-01 10:15:00', 'yyyy-mm-dd hh24:mi:ss'));
insert into KOTLYAROV_DM.tickets (id, id_doctor, id_speciality, closed, time_begin, time_end) values (542, 16, 12, 0, TO_DATE('2021-10-01 10:15:00', 'yyyy-mm-dd hh24:mi:ss'), TO_DATE('2021-10-01 10:30:00', 'yyyy-mm-dd hh24:mi:ss'));
insert into KOTLYAROV_DM.tickets (id, id_doctor, id_speciality, closed, time_begin, time_end) values (543, 16, 13, 0, TO_DATE('2021-10-01 10:30:00', 'yyyy-mm-dd hh24:mi:ss'), TO_DATE('2021-10-01 10:45:00', 'yyyy-mm-dd hh24:mi:ss'));
insert into KOTLYAROV_DM.tickets (id, id_doctor, id_speciality, closed, time_begin, time_end) values (544, 16, 14, 0, TO_DATE('2021-10-01 10:45:00', 'yyyy-mm-dd hh24:mi:ss'), TO_DATE('2021-10-01 11:00:00', 'yyyy-mm-dd hh24:mi:ss'));
insert into KOTLYAROV_DM.tickets (id, id_doctor, id_speciality, closed, time_begin, time_end) values (545, 16, 15, 0, TO_DATE('2021-10-01 11:00:00', 'yyyy-mm-dd hh24:mi:ss'), TO_DATE('2021-10-01 11:15:00', 'yyyy-mm-dd hh24:mi:ss'));
insert into KOTLYAROV_DM.tickets (id, id_doctor, id_speciality, closed, time_begin, time_end) values (546, 16, 16, 1, TO_DATE('2021-10-01 11:15:00', 'yyyy-mm-dd hh24:mi:ss'), TO_DATE('2021-10-01 11:30:00', 'yyyy-mm-dd hh24:mi:ss'));
insert into KOTLYAROV_DM.tickets (id, id_doctor, id_speciality, closed, time_begin, time_end) values (547, 16, 17, 1, TO_DATE('2021-10-01 11:30:00', 'yyyy-mm-dd hh24:mi:ss'), TO_DATE('2021-10-01 11:45:00', 'yyyy-mm-dd hh24:mi:ss'));
insert into KOTLYAROV_DM.tickets (id, id_doctor, id_speciality, closed, time_begin, time_end) values (548, 16, 18, 0, TO_DATE('2021-10-01 11:45:00', 'yyyy-mm-dd hh24:mi:ss'), TO_DATE('2021-10-01 12:00:00', 'yyyy-mm-dd hh24:mi:ss'));
insert into KOTLYAROV_DM.tickets (id, id_doctor, id_speciality, closed, time_begin, time_end) values (549, 16, 19, 0, TO_DATE('2021-10-01 12:00:00', 'yyyy-mm-dd hh24:mi:ss'), TO_DATE('2021-10-01 12:15:00', 'yyyy-mm-dd hh24:mi:ss'));
insert into KOTLYAROV_DM.tickets (id, id_doctor, id_speciality, closed, time_begin, time_end) values (550, 16, 20, 1, TO_DATE('2021-10-01 12:15:00', 'yyyy-mm-dd hh24:mi:ss'), TO_DATE('2021-10-01 12:30:00', 'yyyy-mm-dd hh24:mi:ss'));
insert into KOTLYAROV_DM.tickets (id, id_doctor, id_speciality, closed, time_begin, time_end) values (551, 16, 21, 1, TO_DATE('2021-10-01 12:30:00', 'yyyy-mm-dd hh24:mi:ss'), TO_DATE('2021-10-01 12:45:00', 'yyyy-mm-dd hh24:mi:ss'));
insert into KOTLYAROV_DM.tickets (id, id_doctor, id_speciality, closed, time_begin, time_end) values (552, 16, 22, 1, TO_DATE('2021-10-01 12:45:00', 'yyyy-mm-dd hh24:mi:ss'), TO_DATE('2021-10-01 13:00:00', 'yyyy-mm-dd hh24:mi:ss'));
insert into KOTLYAROV_DM.tickets (id, id_doctor, id_speciality, closed, time_begin, time_end) values (553, 16, 23, 1, TO_DATE('2021-10-01 13:00:00', 'yyyy-mm-dd hh24:mi:ss'), TO_DATE('2021-10-01 13:15:00', 'yyyy-mm-dd hh24:mi:ss'));
insert into KOTLYAROV_DM.tickets (id, id_doctor, id_speciality, closed, time_begin, time_end) values (554, 16, 24, 1, TO_DATE('2021-10-01 13:15:00', 'yyyy-mm-dd hh24:mi:ss'), TO_DATE('2021-10-01 13:30:00', 'yyyy-mm-dd hh24:mi:ss'));
insert into KOTLYAROV_DM.tickets (id, id_doctor, id_speciality, closed, time_begin, time_end) values (555, 16, 25, 1, TO_DATE('2021-10-01 13:30:00', 'yyyy-mm-dd hh24:mi:ss'), TO_DATE('2021-10-01 13:45:00', 'yyyy-mm-dd hh24:mi:ss'));
insert into KOTLYAROV_DM.tickets (id, id_doctor, id_speciality, closed, time_begin, time_end) values (556, 16, 26, 0, TO_DATE('2021-10-01 13:45:00', 'yyyy-mm-dd hh24:mi:ss'), TO_DATE('2021-10-01 14:00:00', 'yyyy-mm-dd hh24:mi:ss'));
insert into KOTLYAROV_DM.tickets (id, id_doctor, id_speciality, closed, time_begin, time_end) values (557, 16, 27, 1, TO_DATE('2021-10-01 14:00:00', 'yyyy-mm-dd hh24:mi:ss'), TO_DATE('2021-10-01 14:15:00', 'yyyy-mm-dd hh24:mi:ss'));
insert into KOTLYAROV_DM.tickets (id, id_doctor, id_speciality, closed, time_begin, time_end) values (558, 16, 28, 0, TO_DATE('2021-10-01 14:15:00', 'yyyy-mm-dd hh24:mi:ss'), TO_DATE('2021-10-01 14:30:00', 'yyyy-mm-dd hh24:mi:ss'));
insert into KOTLYAROV_DM.tickets (id, id_doctor, id_speciality, closed, time_begin, time_end) values (559, 16, 1, 0, TO_DATE('2021-10-01 14:30:00', 'yyyy-mm-dd hh24:mi:ss'), TO_DATE('2021-10-01 14:45:00', 'yyyy-mm-dd hh24:mi:ss'));
insert into KOTLYAROV_DM.tickets (id, id_doctor, id_speciality, closed, time_begin, time_end) values (560, 16, 2, 0, TO_DATE('2021-10-01 14:45:00', 'yyyy-mm-dd hh24:mi:ss'), TO_DATE('2021-10-01 15:00:00', 'yyyy-mm-dd hh24:mi:ss'));
insert into KOTLYAROV_DM.tickets (id, id_doctor, id_speciality, closed, time_begin, time_end) values (561, 16, 3, 1, TO_DATE('2021-10-01 15:00:00', 'yyyy-mm-dd hh24:mi:ss'), TO_DATE('2021-10-01 15:15:00', 'yyyy-mm-dd hh24:mi:ss'));
insert into KOTLYAROV_DM.tickets (id, id_doctor, id_speciality, closed, time_begin, time_end) values (562, 16, 4, 1, TO_DATE('2021-10-01 15:15:00', 'yyyy-mm-dd hh24:mi:ss'), TO_DATE('2021-10-01 15:30:00', 'yyyy-mm-dd hh24:mi:ss'));
insert into KOTLYAROV_DM.tickets (id, id_doctor, id_speciality, closed, time_begin, time_end) values (563, 16, 5, 0, TO_DATE('2021-10-01 15:30:00', 'yyyy-mm-dd hh24:mi:ss'), TO_DATE('2021-10-01 15:45:00', 'yyyy-mm-dd hh24:mi:ss'));
insert into KOTLYAROV_DM.tickets (id, id_doctor, id_speciality, closed, time_begin, time_end) values (564, 16, 6, 0, TO_DATE('2021-10-01 15:45:00', 'yyyy-mm-dd hh24:mi:ss'), TO_DATE('2021-10-01 16:00:00', 'yyyy-mm-dd hh24:mi:ss'));
insert into KOTLYAROV_DM.tickets (id, id_doctor, id_speciality, closed, time_begin, time_end) values (565, 16, 7, 0, TO_DATE('2021-10-01 16:00:00', 'yyyy-mm-dd hh24:mi:ss'), TO_DATE('2021-10-01 16:15:00', 'yyyy-mm-dd hh24:mi:ss'));
insert into KOTLYAROV_DM.tickets (id, id_doctor, id_speciality, closed, time_begin, time_end) values (566, 16, 8, 0, TO_DATE('2021-10-01 16:15:00', 'yyyy-mm-dd hh24:mi:ss'), TO_DATE('2021-10-01 16:30:00', 'yyyy-mm-dd hh24:mi:ss'));
insert into KOTLYAROV_DM.tickets (id, id_doctor, id_speciality, closed, time_begin, time_end) values (567, 16, 9, 0, TO_DATE('2021-10-01 16:30:00', 'yyyy-mm-dd hh24:mi:ss'), TO_DATE('2021-10-01 16:45:00', 'yyyy-mm-dd hh24:mi:ss'));
insert into KOTLYAROV_DM.tickets (id, id_doctor, id_speciality, closed, time_begin, time_end) values (568, 16, 10, 0, TO_DATE('2021-10-01 16:45:00', 'yyyy-mm-dd hh24:mi:ss'), TO_DATE('2021-10-01 17:00:00', 'yyyy-mm-dd hh24:mi:ss'));
insert into KOTLYAROV_DM.tickets (id, id_doctor, id_speciality, closed, time_begin, time_end) values (569, 16, 11, 0, TO_DATE('2021-10-01 17:00:00', 'yyyy-mm-dd hh24:mi:ss'), TO_DATE('2021-10-01 17:15:00', 'yyyy-mm-dd hh24:mi:ss'));
insert into KOTLYAROV_DM.tickets (id, id_doctor, id_speciality, closed, time_begin, time_end) values (570, 16, 12, 0, TO_DATE('2021-10-01 17:15:00', 'yyyy-mm-dd hh24:mi:ss'), TO_DATE('2021-10-01 17:30:00', 'yyyy-mm-dd hh24:mi:ss'));
insert into KOTLYAROV_DM.tickets (id, id_doctor, id_speciality, closed, time_begin, time_end) values (571, 16, 13, 0, TO_DATE('2021-10-01 17:30:00', 'yyyy-mm-dd hh24:mi:ss'), TO_DATE('2021-10-01 17:45:00', 'yyyy-mm-dd hh24:mi:ss'));
insert into KOTLYAROV_DM.tickets (id, id_doctor, id_speciality, closed, time_begin, time_end) values (572, 16, 14, 0, TO_DATE('2021-10-01 17:45:00', 'yyyy-mm-dd hh24:mi:ss'), TO_DATE('2021-10-01 18:00:00', 'yyyy-mm-dd hh24:mi:ss'));
insert into KOTLYAROV_DM.tickets (id, id_doctor, id_speciality, closed, time_begin, time_end) values (573, 16, 15, 1, TO_DATE('2021-10-01 18:00:00', 'yyyy-mm-dd hh24:mi:ss'), TO_DATE('2021-10-01 18:15:00', 'yyyy-mm-dd hh24:mi:ss'));
insert into KOTLYAROV_DM.tickets (id, id_doctor, id_speciality, closed, time_begin, time_end) values (574, 16, 16, 0, TO_DATE('2021-10-01 18:15:00', 'yyyy-mm-dd hh24:mi:ss'), TO_DATE('2021-10-01 18:30:00', 'yyyy-mm-dd hh24:mi:ss'));
insert into KOTLYAROV_DM.tickets (id, id_doctor, id_speciality, closed, time_begin, time_end) values (575, 16, 17, 0, TO_DATE('2021-10-01 18:30:00', 'yyyy-mm-dd hh24:mi:ss'), TO_DATE('2021-10-01 18:45:00', 'yyyy-mm-dd hh24:mi:ss'));
insert into KOTLYAROV_DM.tickets (id, id_doctor, id_speciality, closed, time_begin, time_end) values (576, 16, 18, 0, TO_DATE('2021-10-01 18:45:00', 'yyyy-mm-dd hh24:mi:ss'), TO_DATE('2021-10-01 19:00:00', 'yyyy-mm-dd hh24:mi:ss'));

insert into KOTLYAROV_DM.doctor_specialty (id_speciality, id_doctor) values (1, 1);
insert into KOTLYAROV_DM.doctor_specialty (id_speciality, id_doctor) values (1, 2);
insert into KOTLYAROV_DM.doctor_specialty (id_speciality, id_doctor) values (1, 3);
insert into KOTLYAROV_DM.doctor_specialty (id_speciality, id_doctor) values (2, 4);
insert into KOTLYAROV_DM.doctor_specialty (id_speciality, id_doctor) values (2, 5);
insert into KOTLYAROV_DM.doctor_specialty (id_speciality, id_doctor) values (1, 6);
insert into KOTLYAROV_DM.doctor_specialty (id_speciality, id_doctor) values (3, 7);
insert into KOTLYAROV_DM.doctor_specialty (id_speciality, id_doctor) values (4, 7);
insert into KOTLYAROV_DM.doctor_specialty (id_speciality, id_doctor) values (4, 8);
insert into KOTLYAROV_DM.doctor_specialty (id_speciality, id_doctor) values (5, 8);
insert into KOTLYAROV_DM.doctor_specialty (id_speciality, id_doctor) values (5, 9);
insert into KOTLYAROV_DM.doctor_specialty (id_speciality, id_doctor) values (5, 10);
insert into KOTLYAROV_DM.doctor_specialty (id_speciality, id_doctor) values (6, 10);
insert into KOTLYAROV_DM.doctor_specialty (id_speciality, id_doctor) values (6, 11);
insert into KOTLYAROV_DM.doctor_specialty (id_speciality, id_doctor) values (7, 11);
insert into KOTLYAROV_DM.doctor_specialty (id_speciality, id_doctor) values (8, 12);
insert into KOTLYAROV_DM.doctor_specialty (id_speciality, id_doctor) values (9, 12);
insert into KOTLYAROV_DM.doctor_specialty (id_speciality, id_doctor) values (9, 13);

insert into KOTLYAROV_DM.users (id, name, email, password) values (1, 'user1', 'mail1', 'superpass');
insert into KOTLYAROV_DM.users (id, name, email, password) values (2, 'user2', 'mail2', 'superpass');
insert into KOTLYAROV_DM.users (id, name, email, password) values (3, 'user3', 'mail3', 'superpass');

insert into KOTLYAROV_DM.patients (id, id_user, first_name, last_name, patronymic, birthdate, id_gender, phone, area) values (1, 1, 'first name1', 'last name1', 'patronymic name1', TO_DATE('2000-01-01', 'yyyy-mm-dd hh24:mi:ss'), 1, 79004792777, 'area13');
insert into KOTLYAROV_DM.patients (id, id_user, first_name, last_name, patronymic, birthdate, id_gender, phone, area) values (2, 1, 'first name2', 'last name2', 'patronymic name2', TO_DATE('2000-01-01', 'yyyy-mm-dd hh24:mi:ss'), 2, 79001195848, 'area7');
insert into KOTLYAROV_DM.patients (id, id_user, first_name, last_name, patronymic, birthdate, id_gender, phone, area) values (3, 2, 'first name3', 'last name3', 'patronymic name3', TO_DATE('2000-01-01', 'yyyy-mm-dd hh24:mi:ss'), 3, 79007719427, 'area9');
insert into KOTLYAROV_DM.patients (id, id_user, first_name, last_name, patronymic, birthdate, id_gender, phone, area) values (4, 2, 'first name4', 'last name4', 'patronymic name4', TO_DATE('2000-01-01', 'yyyy-mm-dd hh24:mi:ss'), 4, 79006797776, 'area13');
insert into KOTLYAROV_DM.patients (id, id_user, first_name, last_name, patronymic, birthdate, id_gender, phone, area) values (5, 1, 'first name5', 'last name5', 'patronymic name5', TO_DATE('2000-01-01', 'yyyy-mm-dd hh24:mi:ss'), 1, 79004846237, 'area11');
insert into KOTLYAROV_DM.patients (id, id_user, first_name, last_name, patronymic, birthdate, id_gender, phone, area) values (6, 3, 'first name6', 'last name6', 'patronymic name6', TO_DATE('2000-01-01', 'yyyy-mm-dd hh24:mi:ss'), 2, 79002645391, 'area16');
insert into KOTLYAROV_DM.patients (id, id_user, first_name, last_name, patronymic, birthdate, id_gender, phone, area) values (7, 1, 'first name7', 'last name7', 'patronymic name7', TO_DATE('2000-01-01', 'yyyy-mm-dd hh24:mi:ss'), 3, 79003190994, 'area10');
insert into KOTLYAROV_DM.patients (id, id_user, first_name, last_name, patronymic, birthdate, id_gender, phone, area) values (8, 1, 'first name8', 'last name8', 'patronymic name8', TO_DATE('2000-01-01', 'yyyy-mm-dd hh24:mi:ss'), 4, 79000612186, 'area10');
insert into KOTLYAROV_DM.patients (id, id_user, first_name, last_name, patronymic, birthdate, id_gender, phone, area) values (9, 2, 'first name9', 'last name9', 'patronymic name9', TO_DATE('2000-01-01', 'yyyy-mm-dd hh24:mi:ss'), 1, 79008050918, 'area16');
insert into KOTLYAROV_DM.patients (id, id_user, first_name, last_name, patronymic, birthdate, id_gender, phone, area) values (10, 2, 'first name10', 'last name10', 'patronymic name10', TO_DATE('2000-01-01', 'yyyy-mm-dd hh24:mi:ss'), 2, 79003234511, 'area11');
insert into KOTLYAROV_DM.patients (id, id_user, first_name, last_name, patronymic, birthdate, id_gender, phone, area) values (11, 3, 'first name11', 'last name11', 'patronymic name11', TO_DATE('2000-01-01', 'yyyy-mm-dd hh24:mi:ss'), 3, 79006932157, 'area4');
insert into KOTLYAROV_DM.patients (id, id_user, first_name, last_name, patronymic, birthdate, id_gender, phone, area) values (12, 2, 'first name12', 'last name12', 'patronymic name12', TO_DATE('2000-01-01', 'yyyy-mm-dd hh24:mi:ss'), 4, 79000472415, 'area12');
insert into KOTLYAROV_DM.patients (id, id_user, first_name, last_name, patronymic, birthdate, id_gender, phone, area) values (13, 1, 'first name13', 'last name13', 'patronymic name13', TO_DATE('2000-01-01', 'yyyy-mm-dd hh24:mi:ss'), 1, 79002110039, 'area8');
insert into KOTLYAROV_DM.patients (id, id_user, first_name, last_name, patronymic, birthdate, id_gender, phone, area) values (14, 3, 'first name14', 'last name14', 'patronymic name14', TO_DATE('2000-01-01', 'yyyy-mm-dd hh24:mi:ss'), 2, 79005190852, 'area7');
insert into KOTLYAROV_DM.patients (id, id_user, first_name, last_name, patronymic, birthdate, id_gender, phone, area) values (15, 2, 'first name15', 'last name15', 'patronymic name15', TO_DATE('2000-01-01', 'yyyy-mm-dd hh24:mi:ss'), 3, 79005069731, 'area12');
insert into KOTLYAROV_DM.patients (id, id_user, first_name, last_name, patronymic, birthdate, id_gender, phone, area) values (16, 3, 'first name16', 'last name16', 'patronymic name16', TO_DATE('2000-01-01', 'yyyy-mm-dd hh24:mi:ss'), 4, 79009607455, 'area2');
insert into KOTLYAROV_DM.patients (id, id_user, first_name, last_name, patronymic, birthdate, id_gender, phone, area) values (17, 2, 'first name17', 'last name17', 'patronymic name17', TO_DATE('2000-01-01', 'yyyy-mm-dd hh24:mi:ss'), 1, 79001841043, 'area9');
insert into KOTLYAROV_DM.patients (id, id_user, first_name, last_name, patronymic, birthdate, id_gender, phone, area) values (18, 2, 'first name18', 'last name18', 'patronymic name18', TO_DATE('2000-01-01', 'yyyy-mm-dd hh24:mi:ss'), 2, 79003050074, 'area1');
insert into KOTLYAROV_DM.patients (id, id_user, first_name, last_name, patronymic, birthdate, id_gender, phone, area) values (19, 1, 'first name19', 'last name19', 'patronymic name19', TO_DATE('2000-01-01', 'yyyy-mm-dd hh24:mi:ss'), 3, 79008153072, 'area13');

insert into KOTLYAROV_DM.patient_documents (id, name, id_patient, content) values (1, 'doc1', 1, null);
insert into KOTLYAROV_DM.patient_documents (id, name, id_patient, content) values (2, 'doc2', 1, null);
insert into KOTLYAROV_DM.patient_documents (id, name, id_patient, content) values (3, 'doc3', 5, null);
insert into KOTLYAROV_DM.patient_documents (id, name, id_patient, content) values (4, 'doc4', 10, null);
insert into KOTLYAROV_DM.patient_documents (id, name, id_patient, content) values (5, 'doc5', 12, null);
insert into KOTLYAROV_DM.patient_documents (id, name, id_patient, content) values (6, 'doc6', 13, null);
insert into KOTLYAROV_DM.patient_documents (id, name, id_patient, content) values (7, 'doc7', 19, null);

insert into KOTLYAROV_DM.patient_journals (id_patient, id_ticket, status) values (1, 10, 1);
insert into KOTLYAROV_DM.patient_journals (id_patient, id_ticket, status) values (2, 3, 0);
insert into KOTLYAROV_DM.patient_journals (id_patient, id_ticket, status) values (3, 23, 1);
insert into KOTLYAROV_DM.patient_journals (id_patient, id_ticket, status) values (4, 100, 1);
insert into KOTLYAROV_DM.patient_journals (id_patient, id_ticket, status) values (5, 35, 1);
insert into KOTLYAROV_DM.patient_journals (id_patient, id_ticket, status) values (6, 48, 1);
insert into KOTLYAROV_DM.patient_journals (id_patient, id_ticket, status) values (7, 78, 1);
insert into KOTLYAROV_DM.patient_journals (id_patient, id_ticket, status) values (8, 54, 1);
insert into KOTLYAROV_DM.patient_journals (id_patient, id_ticket, status) values (9, 87, 1);
insert into KOTLYAROV_DM.patient_journals (id_patient, id_ticket, status) values (13, 89, 0);
insert into KOTLYAROV_DM.patient_journals (id_patient, id_ticket, status) values (14, 98, 0);
insert into KOTLYAROV_DM.patient_journals (id_patient, id_ticket, status) values (15, 56, 0);
insert into KOTLYAROV_DM.patient_journals (id_patient, id_ticket, status) values (16, 65, 0);
insert into KOTLYAROV_DM.patient_journals (id_patient, id_ticket, status) values (18, 23, 0);
insert into KOTLYAROV_DM.patient_journals (id_patient, id_ticket, status) values (19, 32, 0);

commit;